2026-10-03 00:24:00,471 INFO Processing 95 files (classes=[8], workers=4, skip_existing=False)
2026-10-03 00:24:00,934 INFO [1/95] ok SIMULATED_00004.parquet (451 min, 0.0s)
2026-10-03 00:24:00,934 INFO [2/95] ok SIMULATED_00003.parquet (451 min, 0.0s)
2026-10-03 00:24:00,934 INFO [3/95] ok SIMULATED_00002.parquet (451 min, 0.0s)
2026-10-03 00:24:00,935 INFO [4/95] ok SIMULATED_00001.parquet (451 min, 0.0s)
2026-10-03 00:24:00,960 INFO [5/95] ok SIMULATED_00007.parquet (451 min, 0.0s)
2026-10-03 00:24:00,960 INFO [6/95] ok SIMULATED_00006.parquet (451 min, 0.0s)
2026-10-03 00:24:00,961 INFO [7/95] ok SIMULATED_00005.parquet (451 min, 0.0s)
2026-10-03 00:24:00,964 INFO [8/95] ok SIMULATED_00008.parquet (451 min, 0.0s)
2026-10-03 00:24:00,984 INFO [9/95] ok SIMULATED_00009.parquet (451 min, 0.0s)
2026-10-03 00:24:00,984 INFO [10/95] ok SIMULATED_00010.parquet (451 min, 0.0s)
2026-10-03 00:24:00,985 INFO [11/95] ok SIMULATED_00011.parquet (451 min, 0.0s)
2026-10-03 00:24:00,987 INFO [12/95] ok SIMULATED_00012.parquet (451 min, 0.0s)
2026-10-03 00:24:01,009 INFO [13/95] ok SIMULATED_00013.parquet (451 min, 0.0s)
2026-10-03 00:24:01,009 INFO [14/95] ok SIMULATED_00014.parquet (451 min, 0.0s)
2026-10-03 00:24:01,009 INFO [15/95] ok SIMULATED_00015.parquet (451 min, 0.0s)
2026-10-03 00:24:01,012 INFO [16/95] ok SIMULATED_00016.parquet (451 min, 0.0s)
2026-10-03 00:24:01,033 INFO [17/95] ok SIMULATED_00017.parquet (451 min, 0.0s)
2026-10-03 00:24:01,034 INFO [18/95] ok SIMULATED_00018.parquet (451 min, 0.0s)
2026-10-03 00:24:01,034 INFO [19/95] ok SIMULATED_00019.parquet (451 min, 0.0s)
2026-10-03 00:24:01,036 INFO [20/95] ok SIMULATED_00020.parquet (451 min, 0.0s)
2026-10-03 00:24:01,056 INFO [21/95] ok SIMULATED_00021.parquet (451 min, 0.0s)
2026-10-03 00:24:01,057 INFO [22/95] ok SIMULATED_00022.parquet (451 min, 0.0s)
2026-10-03 00:24:01,057 INFO [23/95] ok SIMULATED_00023.parquet (451 min, 0.0s)
2026-10-03 00:24:01,061 INFO [24/95] ok SIMULATED_00024.parquet (451 min, 0.0s)
2026-10-03 00:24:01,084 INFO [25/95] ok SIMULATED_00026.parquet (451 min, 0.0s)
2026-10-03 00:24:01,085 INFO [26/95] ok SIMULATED_00027.parquet (451 min, 0.0s)
2026-10-03 00:24:01,086 INFO [27/95] ok SIMULATED_00025.parquet (451 min, 0.0s)
2026-10-03 00:24:01,086 INFO [28/95] ok SIMULATED_00028.parquet (451 min, 0.0s)
2026-10-03 00:24:01,111 INFO [29/95] ok SIMULATED_00029.parquet (451 min, 0.0s)
2026-10-03 00:24:01,112 INFO [30/95] ok SIMULATED_00031.parquet (451 min, 0.0s)
2026-10-03 00:24:01,112 INFO [31/95] ok SIMULATED_00032.parquet (451 min, 0.0s)
2026-10-03 00:24:01,114 INFO [32/95] ok SIMULATED_00030.parquet (451 min, 0.0s)
2026-10-03 00:24:01,138 INFO [33/95] ok SIMULATED_00034.parquet (451 min, 0.0s)
2026-10-03 00:24:01,139 INFO [34/95] ok SIMULATED_00033.parquet (451 min, 0.0s)
2026-10-03 00:24:01,139 INFO [35/95] ok SIMULATED_00036.parquet (451 min, 0.0s)
2026-10-03 00:24:01,141 INFO [36/95] ok SIMULATED_00035.parquet (451 min, 0.0s)
2026-10-03 00:24:01,166 INFO [37/95] ok SIMULATED_00037.parquet (451 min, 0.0s)
2026-10-03 00:24:01,167 INFO [38/95] ok SIMULATED_00038.parquet (451 min, 0.0s)
2026-10-03 00:24:01,167 INFO [39/95] ok SIMULATED_00039.parquet (451 min, 0.0s)
2026-10-03 00:24:01,167 INFO [40/95] ok SIMULATED_00040.parquet (451 min, 0.0s)
2026-10-03 00:24:01,192 INFO [41/95] ok SIMULATED_00041.parquet (451 min, 0.0s)
2026-10-03 00:24:01,193 INFO [42/95] ok SIMULATED_00042.parquet (451 min, 0.0s)
2026-10-03 00:24:01,193 INFO [43/95] ok SIMULATED_00043.parquet (451 min, 0.0s)
2026-10-03 00:24:01,193 INFO [44/95] ok SIMULATED_00044.parquet (451 min, 0.0s)
2026-10-03 00:24:01,218 INFO [45/95] ok SIMULATED_00045.parquet (451 min, 0.0s)
2026-10-03 00:24:01,219 INFO [46/95] ok SIMULATED_00046.parquet (451 min, 0.0s)
2026-10-03 00:24:01,220 INFO [47/95] ok SIMULATED_00047.parquet (451 min, 0.0s)
2026-10-03 00:24:01,220 INFO [48/95] ok SIMULATED_00048.parquet (451 min, 0.0s)
2026-10-03 00:24:01,242 INFO [49/95] ok SIMULATED_00049.parquet (451 min, 0.0s)
2026-10-03 00:24:01,243 INFO [50/95] ok SIMULATED_00050.parquet (451 min, 0.0s)
2026-10-03 00:24:01,244 INFO [51/95] ok SIMULATED_00051.parquet (451 min, 0.0s)
2026-10-03 00:24:01,244 INFO [52/95] ok SIMULATED_00052.parquet (451 min, 0.0s)
2026-10-03 00:24:01,265 INFO [53/95] ok SIMULATED_00053.parquet (451 min, 0.0s)
2026-10-03 00:24:01,266 INFO [54/95] ok SIMULATED_00054.parquet (451 min, 0.0s)
2026-10-03 00:24:01,268 INFO [55/95] ok SIMULATED_00055.parquet (451 min, 0.0s)
2026-10-03 00:24:01,268 INFO [56/95] ok SIMULATED_00056.parquet (451 min, 0.0s)
2026-10-03 00:24:01,290 INFO [57/95] ok SIMULATED_00057.parquet (451 min, 0.0s)
2026-10-03 00:24:01,290 INFO [58/95] ok SIMULATED_00058.parquet (451 min, 0.0s)
2026-10-03 00:24:01,291 INFO [59/95] ok SIMULATED_00059.parquet (451 min, 0.0s)
2026-10-03 00:24:01,294 INFO [60/95] ok SIMULATED_00060.parquet (451 min, 0.0s)
2026-10-03 00:24:01,314 INFO [61/95] ok SIMULATED_00061.parquet (451 min, 0.0s)
2026-10-03 00:24:01,314 INFO [62/95] ok SIMULATED_00062.parquet (451 min, 0.0s)
2026-10-03 00:24:01,314 INFO [63/95] ok SIMULATED_00063.parquet (451 min, 0.0s)
2026-10-03 00:24:01,315 INFO [64/95] ok SIMULATED_00064.parquet (451 min, 0.0s)
2026-10-03 00:24:01,337 INFO [65/95] ok SIMULATED_00065.parquet (451 min, 0.0s)
2026-10-03 00:24:01,338 INFO [66/95] ok SIMULATED_00066.parquet (451 min, 0.0s)
2026-10-03 00:24:01,338 INFO [67/95] ok SIMULATED_00067.parquet (451 min, 0.0s)
2026-10-03 00:24:01,341 INFO [68/95] ok SIMULATED_00068.parquet (451 min, 0.0s)
2026-10-03 00:24:01,361 INFO [69/95] ok SIMULATED_00069.parquet (451 min, 0.0s)
2026-10-03 00:24:01,361 INFO [70/95] ok SIMULATED_00071.parquet (451 min, 0.0s)
2026-10-03 00:24:01,363 INFO [71/95] ok SIMULATED_00070.parquet (451 min, 0.0s)
2026-10-03 00:24:01,365 INFO [72/95] ok SIMULATED_00072.parquet (451 min, 0.0s)
2026-10-03 00:24:01,385 INFO [73/95] ok SIMULATED_00074.parquet (451 min, 0.0s)
2026-10-03 00:24:01,386 INFO [74/95] ok SIMULATED_00075.parquet (451 min, 0.0s)
2026-10-03 00:24:01,387 INFO [75/95] ok SIMULATED_00073.parquet (451 min, 0.0s)
2026-10-03 00:24:01,392 INFO [76/95] ok SIMULATED_00076.parquet (451 min, 0.0s)
2026-10-03 00:24:01,410 INFO [77/95] ok SIMULATED_00078.parquet (451 min, 0.0s)
2026-10-03 00:24:01,410 INFO [78/95] ok SIMULATED_00079.parquet (451 min, 0.0s)
2026-10-03 00:24:01,414 INFO [79/95] ok SIMULATED_00077.parquet (451 min, 0.0s)
2026-10-03 00:24:01,423 INFO [80/95] ok SIMULATED_00080.parquet (451 min, 0.0s)
2026-10-03 00:24:01,444 INFO [81/95] ok SIMULATED_00081.parquet (451 min, 0.0s)
2026-10-03 00:24:01,497 INFO [82/95] ok WELL-00019_20150614025713.parquet (2734 min, 0.1s)
2026-10-03 00:24:01,500 INFO [83/95] ok WELL-00019_20120601165020.parquet (3993 min, 0.1s)
2026-10-03 00:24:01,543 INFO [84/95] ok WELL-00019_20141117190526.parquet (5184 min, 0.1s)
2026-10-03 00:24:01,551 INFO [85/95] ok WELL-00019_20210617032654.parquet (4188 min, 0.1s)
2026-10-03 00:24:01,599 INFO [86/95] ok WELL-00026_20160601130000.parquet (3061 min, 0.1s)
2026-10-03 00:24:01,718 INFO [87/95] ok WELL-00026_20170608230000.parquet (8641 min, 0.2s)
2026-10-03 00:24:01,729 INFO [88/95] ok WELL-00026_20170207230000.parquet (9711 min, 0.2s)
2026-10-03 00:24:01,749 INFO [89/95] ok WELL-00025_20200629194141.parquet (11978 min, 0.3s)
2026-10-03 00:24:01,801 INFO [90/95] ok WELL-00029_20201020231724.parquet (2395 min, 0.1s)
2026-10-03 00:24:01,820 INFO [91/95] ok WELL-00030_20141108012623.parquet (2633 min, 0.1s)
2026-10-03 00:24:01,832 INFO [92/95] ok WELL-00027_20230918170106.parquet (11281 min, 0.2s)
2026-10-03 00:24:01,845 INFO [93/95] ok WELL-00028_20210617053128.parquet (5364 min, 0.1s)
2026-10-03 00:24:01,878 INFO [94/95] ok WELL-00032_20110830235321.parquet (2178 min, 0.1s)
2026-10-03 00:24:01,915 INFO [95/95] ok WELL-00031_20140403170404.parquet (5983 min, 0.1s)
2026-10-03 00:24:02,002 INFO Done: 95 ok/skipped, 0 errors in 2s
2026-10-03 00:24:12,873 INFO Processing 1506 files (classes=[0, 4, 6, 7, 8, 9], workers=4, skip_existing=True)
2026-10-03 00:24:13,400 INFO [1/1506] ok WELL-00001_20170201110124.parquet (300 min, 0.0s)
2026-10-03 00:24:13,400 INFO [2/1506] ok WELL-00001_20170201010207.parquet (299 min, 0.0s)
2026-10-03 00:24:13,401 INFO [3/1506] ok WELL-00001_20170201060114.parquet (300 min, 0.0s)
2026-10-03 00:24:13,403 INFO [4/1506] ok WELL-00001_20170201160311.parquet (298 min, 0.0s)
2026-10-03 00:24:13,423 INFO [5/1506] ok WELL-00001_20170201210228.parquet (299 min, 0.0s)
2026-10-03 00:24:13,423 INFO [6/1506] ok WELL-00001_20170202070239.parquet (299 min, 0.0s)
2026-10-03 00:24:13,424 INFO [7/1506] ok WELL-00001_20170202020343.parquet (298 min, 0.0s)
2026-10-03 00:24:13,427 INFO [8/1506] ok WELL-00001_20170218000146.parquet (300 min, 0.0s)
2026-10-03 00:24:13,447 INFO [9/1506] ok WELL-00001_20170218050218.parquet (299 min, 0.0s)
2026-10-03 00:24:13,447 INFO [10/1506] ok WELL-00001_20170218100218.parquet (299 min, 0.0s)
2026-10-03 00:24:13,448 INFO [11/1506] ok WELL-00001_20170218150135.parquet (300 min, 0.0s)
2026-10-03 00:24:13,448 INFO [12/1506] ok WELL-00001_20170219010042.parquet (301 min, 0.0s)
2026-10-03 00:24:13,468 INFO [13/1506] ok WELL-00001_20170219060031.parquet (301 min, 0.0s)
2026-10-03 00:24:13,470 INFO [14/1506] ok WELL-00001_20170219110021.parquet (301 min, 0.0s)
2026-10-03 00:24:13,471 INFO [15/1506] ok WELL-00001_20170219160053.parquet (301 min, 0.0s)
2026-10-03 00:24:13,475 INFO [16/1506] ok WELL-00001_20170219210332.parquet (298 min, 0.0s)
2026-10-03 00:24:13,493 INFO [17/1506] ok WELL-00001_20170421090251.parquet (354 min, 0.0s)
2026-10-03 00:24:13,494 INFO [18/1506] ok WELL-00001_20170422030000.parquet (358 min, 0.0s)
2026-10-03 00:24:13,495 INFO [19/1506] ok WELL-00001_20170424170042.parquet (301 min, 0.0s)
2026-10-03 00:24:13,499 INFO [20/1506] ok WELL-00001_20170424220156.parquet (300 min, 0.0s)
2026-10-03 00:24:13,516 INFO [21/1506] ok WELL-00001_20170425030207.parquet (299 min, 0.0s)
2026-10-03 00:24:13,519 INFO [22/1506] ok WELL-00001_20170425130042.parquet (301 min, 0.0s)
2026-10-03 00:24:13,519 INFO [23/1506] ok WELL-00001_20170425080343.parquet (298 min, 0.0s)
2026-10-03 00:24:13,521 INFO [24/1506] ok WELL-00001_20170520180000.parquet (298 min, 0.0s)
2026-10-03 00:24:13,540 INFO [25/1506] ok WELL-00001_20170520230000.parquet (300 min, 0.0s)
2026-10-03 00:24:13,541 INFO [26/1506] ok WELL-00001_20170521040000.parquet (298 min, 0.0s)
2026-10-03 00:24:13,548 INFO [27/1506] ok WELL-00001_20170521090000.parquet (298 min, 0.0s)
2026-10-03 00:24:13,548 INFO [28/1506] ok WELL-00001_20170521140000.parquet (299 min, 0.0s)
2026-10-03 00:24:13,562 INFO [29/1506] ok WELL-00001_20170521190000.parquet (297 min, 0.0s)
2026-10-03 00:24:13,565 INFO [30/1506] ok WELL-00001_20170522000000.parquet (300 min, 0.0s)
2026-10-03 00:24:13,570 INFO [31/1506] ok WELL-00001_20170522100000.parquet (300 min, 0.0s)
2026-10-03 00:24:13,572 INFO [32/1506] ok WELL-00001_20170522050000.parquet (300 min, 0.0s)
2026-10-03 00:24:13,586 INFO [33/1506] ok WELL-00001_20170522150000.parquet (299 min, 0.0s)
2026-10-03 00:24:13,586 INFO [34/1506] ok WELL-00001_20170522200000.parquet (299 min, 0.0s)
2026-10-03 00:24:13,593 INFO [35/1506] ok WELL-00001_20170523010012.parquet (299 min, 0.0s)
2026-10-03 00:24:13,594 INFO [36/1506] ok WELL-00001_20170523060000.parquet (298 min, 0.0s)
2026-10-03 00:24:13,609 INFO [37/1506] ok WELL-00001_20170523160000.parquet (295 min, 0.0s)
2026-10-03 00:24:13,609 INFO [38/1506] ok WELL-00001_20170523110000.parquet (298 min, 0.0s)
2026-10-03 00:24:13,615 INFO [39/1506] ok WELL-00001_20170523210000.parquet (300 min, 0.0s)
2026-10-03 00:24:13,617 INFO [40/1506] ok WELL-00001_20170524020000.parquet (299 min, 0.0s)
2026-10-03 00:24:13,632 INFO [41/1506] ok WELL-00001_20170524070000.parquet (300 min, 0.0s)
2026-10-03 00:24:13,636 INFO [42/1506] ok WELL-00001_20170524120000.parquet (300 min, 0.0s)
2026-10-03 00:24:13,640 INFO [43/1506] ok WELL-00001_20170524170000.parquet (300 min, 0.0s)
2026-10-03 00:24:13,640 INFO [44/1506] ok WELL-00001_20170524220000.parquet (299 min, 0.0s)
2026-10-03 00:24:13,655 INFO [45/1506] ok WELL-00001_20170525030000.parquet (299 min, 0.0s)
2026-10-03 00:24:13,657 INFO [46/1506] ok WELL-00001_20170525080000.parquet (299 min, 0.0s)
2026-10-03 00:24:13,663 INFO [47/1506] ok WELL-00001_20170525180000.parquet (299 min, 0.0s)
2026-10-03 00:24:13,663 INFO [48/1506] ok WELL-00001_20170525130000.parquet (300 min, 0.0s)
2026-10-03 00:24:13,683 INFO [49/1506] ok WELL-00001_20170525230000.parquet (300 min, 0.0s)
2026-10-03 00:24:13,684 INFO [50/1506] ok WELL-00001_20170526040000.parquet (298 min, 0.0s)
2026-10-03 00:24:13,687 INFO [51/1506] ok WELL-00001_20170526140000.parquet (298 min, 0.0s)
2026-10-03 00:24:13,687 INFO [52/1506] ok WELL-00001_20170526090000.parquet (298 min, 0.0s)
2026-10-03 00:24:13,705 INFO [53/1506] ok WELL-00001_20170527000000.parquet (299 min, 0.0s)
2026-10-03 00:24:13,706 INFO [54/1506] ok WELL-00001_20170526190000.parquet (299 min, 0.0s)
2026-10-03 00:24:13,710 INFO [55/1506] ok WELL-00001_20170527100000.parquet (299 min, 0.0s)
2026-10-03 00:24:13,711 INFO [56/1506] ok WELL-00001_20170527050000.parquet (300 min, 0.0s)
2026-10-03 00:24:13,726 INFO [57/1506] ok WELL-00001_20170527150000.parquet (298 min, 0.0s)
2026-10-03 00:24:13,730 INFO [58/1506] ok WELL-00001_20170527200000.parquet (299 min, 0.0s)
2026-10-03 00:24:13,732 INFO [59/1506] ok WELL-00001_20170528060000.parquet (299 min, 0.0s)
2026-10-03 00:24:13,733 INFO [60/1506] ok WELL-00001_20170528010000.parquet (299 min, 0.0s)
2026-10-03 00:24:13,751 INFO [61/1506] ok WELL-00001_20170528110000.parquet (299 min, 0.0s)
2026-10-03 00:24:13,752 INFO [62/1506] ok WELL-00001_20170528160000.parquet (300 min, 0.0s)
2026-10-03 00:24:13,758 INFO [63/1506] ok WELL-00001_20170528210000.parquet (298 min, 0.0s)
2026-10-03 00:24:13,758 INFO [64/1506] ok WELL-00001_20170626090246.parquet (295 min, 0.0s)
2026-10-03 00:24:13,775 INFO [65/1506] ok WELL-00001_20170626140123.parquet (295 min, 0.0s)
2026-10-03 00:24:13,775 INFO [66/1506] ok WELL-00001_20170626190135.parquet (298 min, 0.0s)
2026-10-03 00:24:13,780 INFO [67/1506] ok WELL-00001_20170823040000.parquet (298 min, 0.0s)
2026-10-03 00:24:13,781 INFO [68/1506] ok WELL-00001_20170627000333.parquet (294 min, 0.0s)
2026-10-03 00:24:13,796 INFO [69/1506] ok WELL-00001_20170823092146.parquet (217 min, 0.0s)
2026-10-03 00:24:13,797 INFO [70/1506] ok WELL-00001_20170823140000.parquet (301 min, 0.0s)
2026-10-03 00:24:13,804 INFO [71/1506] ok WELL-00001_20170824000000.parquet (299 min, 0.0s)
2026-10-03 00:24:13,806 INFO [72/1506] ok WELL-00001_20170823190000.parquet (299 min, 0.0s)
2026-10-03 00:24:13,818 INFO [73/1506] ok WELL-00001_20170824050000.parquet (300 min, 0.0s)
2026-10-03 00:24:13,821 INFO [74/1506] ok WELL-00001_20170824100000.parquet (299 min, 0.0s)
2026-10-03 00:24:13,825 INFO [75/1506] ok WELL-00001_20170824150000.parquet (300 min, 0.0s)
2026-10-03 00:24:13,828 INFO [76/1506] ok WELL-00001_20170824200000.parquet (300 min, 0.0s)
2026-10-03 00:24:13,841 INFO [77/1506] ok WELL-00001_20170825010000.parquet (299 min, 0.0s)
2026-10-03 00:24:13,843 INFO [78/1506] ok WELL-00001_20170825060000.parquet (298 min, 0.0s)
2026-10-03 00:24:13,848 INFO [79/1506] ok WELL-00001_20170825110000.parquet (297 min, 0.0s)
2026-10-03 00:24:13,851 INFO [80/1506] ok WELL-00001_20170825160000.parquet (299 min, 0.0s)
2026-10-03 00:24:13,864 INFO [81/1506] ok WELL-00001_20170825210000.parquet (299 min, 0.0s)
2026-10-03 00:24:13,866 INFO [82/1506] ok WELL-00001_20170826020000.parquet (299 min, 0.0s)
2026-10-03 00:24:13,873 INFO [83/1506] ok WELL-00001_20170826070000.parquet (299 min, 0.0s)
2026-10-03 00:24:13,875 INFO [84/1506] ok WELL-00001_20170826120000.parquet (299 min, 0.0s)
2026-10-03 00:24:13,886 INFO [85/1506] ok WELL-00001_20170826170000.parquet (300 min, 0.0s)
2026-10-03 00:24:13,888 INFO [86/1506] ok WELL-00001_20170826220000.parquet (299 min, 0.0s)
2026-10-03 00:24:13,896 INFO [87/1506] ok WELL-00001_20170827030000.parquet (299 min, 0.0s)
2026-10-03 00:24:13,896 INFO [88/1506] ok WELL-00001_20170827080000.parquet (300 min, 0.0s)
2026-10-03 00:24:13,908 INFO [89/1506] ok WELL-00001_20170827130000.parquet (299 min, 0.0s)
2026-10-03 00:24:13,911 INFO [90/1506] ok WELL-00001_20170827180000.parquet (298 min, 0.0s)
2026-10-03 00:24:13,919 INFO [91/1506] ok WELL-00001_20170828040000.parquet (298 min, 0.0s)
2026-10-03 00:24:13,919 INFO [92/1506] ok WELL-00001_20170827230000.parquet (296 min, 0.0s)
2026-10-03 00:24:13,930 INFO [93/1506] ok WELL-00002_20131211220015.parquet (121 min, 0.0s)
2026-10-03 00:24:13,931 INFO [94/1506] ok WELL-00001_20170828090000.parquet (297 min, 0.0s)
2026-10-03 00:24:13,937 INFO [95/1506] ok WELL-00002_20131212020000.parquet (120 min, 0.0s)
2026-10-03 00:24:13,938 INFO [96/1506] ok WELL-00002_20131212000148.parquet (120 min, 0.0s)
2026-10-03 00:24:13,952 INFO [97/1506] ok WELL-00002_20131212060005.parquet (120 min, 0.0s)
2026-10-03 00:24:13,952 INFO [98/1506] ok WELL-00002_20131212040000.parquet (120 min, 0.0s)
2026-10-03 00:24:13,957 INFO [99/1506] ok WELL-00002_20131214150127.parquet (120 min, 0.0s)
2026-10-03 00:24:13,958 INFO [100/1506] ok WELL-00002_20131214170036.parquet (121 min, 0.0s)
2026-10-03 00:24:13,972 INFO [101/1506] ok WELL-00002_20131214190030.parquet (121 min, 0.0s)
2026-10-03 00:24:13,975 INFO [102/1506] ok WELL-00002_20170209110022.parquet (301 min, 0.0s)
2026-10-03 00:24:13,983 INFO [103/1506] ok WELL-00002_20170209210033.parquet (301 min, 0.0s)
2026-10-03 00:24:13,984 INFO [104/1506] ok WELL-00002_20170209160152.parquet (300 min, 0.0s)
2026-10-03 00:24:14,000 INFO [105/1506] ok WELL-00002_20170210020033.parquet (301 min, 0.0s)
2026-10-03 00:24:14,000 INFO [106/1506] ok WELL-00002_20170210070407.parquet (297 min, 0.0s)
2026-10-03 00:24:14,009 INFO [107/1506] ok WELL-00002_20170210120152.parquet (300 min, 0.0s)
2026-10-03 00:24:14,010 INFO [108/1506] ok WELL-00002_20170210170033.parquet (301 min, 0.0s)
2026-10-03 00:24:14,021 INFO [109/1506] ok WELL-00002_20170210220203.parquet (299 min, 0.0s)
2026-10-03 00:24:14,026 INFO [110/1506] ok WELL-00002_20170211030225.parquet (299 min, 0.0s)
2026-10-03 00:24:14,034 INFO [111/1506] ok WELL-00002_20170211080129.parquet (300 min, 0.0s)
2026-10-03 00:24:14,034 INFO [112/1506] ok WELL-00002_20170211130152.parquet (300 min, 0.0s)
2026-10-03 00:24:14,044 INFO [113/1506] ok WELL-00002_20170211180129.parquet (300 min, 0.0s)
2026-10-03 00:24:14,049 INFO [114/1506] ok WELL-00002_20170211230141.parquet (300 min, 0.0s)
2026-10-03 00:24:14,056 INFO [115/1506] ok WELL-00002_20170212090203.parquet (299 min, 0.0s)
2026-10-03 00:24:14,059 INFO [116/1506] ok WELL-00002_20170212040225.parquet (299 min, 0.0s)
2026-10-03 00:24:14,067 INFO [117/1506] ok WELL-00002_20170212140407.parquet (297 min, 0.0s)
2026-10-03 00:24:14,073 INFO [118/1506] ok WELL-00002_20170212190429.parquet (297 min, 0.0s)
2026-10-03 00:24:14,079 INFO [119/1506] ok WELL-00002_20170213000322.parquet (298 min, 0.0s)
2026-10-03 00:24:14,083 INFO [120/1506] ok WELL-00002_20170213050225.parquet (299 min, 0.0s)
2026-10-03 00:24:14,090 INFO [121/1506] ok WELL-00002_20170213100344.parquet (298 min, 0.0s)
2026-10-03 00:24:14,097 INFO [122/1506] ok WELL-00002_20170213150107.parquet (300 min, 0.0s)
2026-10-03 00:24:14,103 INFO [123/1506] ok WELL-00002_20170213200214.parquet (299 min, 0.0s)
2026-10-03 00:24:14,106 INFO [124/1506] ok WELL-00002_20170214010118.parquet (300 min, 0.0s)
2026-10-03 00:24:14,114 INFO [125/1506] ok WELL-00002_20170214060141.parquet (300 min, 0.0s)
2026-10-03 00:24:14,120 INFO [126/1506] ok WELL-00002_20170214110056.parquet (301 min, 0.0s)
2026-10-03 00:24:14,128 INFO [127/1506] ok WELL-00002_20170214160044.parquet (301 min, 0.0s)
2026-10-03 00:24:14,129 INFO [128/1506] ok WELL-00002_20170214210322.parquet (298 min, 0.0s)
2026-10-03 00:24:14,139 INFO [129/1506] ok WELL-00002_20170215020259.parquet (299 min, 0.0s)
2026-10-03 00:24:14,142 INFO [130/1506] ok WELL-00002_20170215070056.parquet (301 min, 0.0s)
2026-10-03 00:24:14,151 INFO [131/1506] ok WELL-00002_20170215120214.parquet (299 min, 0.0s)
2026-10-03 00:24:14,151 INFO [132/1506] ok WELL-00002_20170215170118.parquet (300 min, 0.0s)
2026-10-03 00:24:14,161 INFO [133/1506] ok WELL-00002_20170215220129.parquet (300 min, 0.0s)
2026-10-03 00:24:14,167 INFO [134/1506] ok WELL-00002_20170216030141.parquet (300 min, 0.0s)
2026-10-03 00:24:14,174 INFO [135/1506] ok WELL-00002_20170216080118.parquet (300 min, 0.0s)
2026-10-03 00:24:14,175 INFO [136/1506] ok WELL-00002_20170216130152.parquet (300 min, 0.0s)
2026-10-03 00:24:14,185 INFO [137/1506] ok WELL-00002_20170216180214.parquet (299 min, 0.0s)
2026-10-03 00:24:14,188 INFO [138/1506] ok WELL-00002_20170216230107.parquet (300 min, 0.0s)
2026-10-03 00:24:14,196 INFO [139/1506] ok WELL-00002_20170217040451.parquet (297 min, 0.0s)
2026-10-03 00:24:14,200 INFO [140/1506] ok WELL-00002_20170217090355.parquet (298 min, 0.0s)
2026-10-03 00:24:14,211 INFO [141/1506] ok WELL-00002_20170217140248.parquet (299 min, 0.0s)
2026-10-03 00:24:14,211 INFO [142/1506] ok WELL-00002_20170217190225.parquet (299 min, 0.0s)
2026-10-03 00:24:14,219 INFO [143/1506] ok WELL-00002_20170218000237.parquet (299 min, 0.0s)
2026-10-03 00:24:14,222 INFO [144/1506] ok WELL-00002_20170218050225.parquet (299 min, 0.0s)
2026-10-03 00:24:14,233 INFO [145/1506] ok WELL-00002_20170218150214.parquet (299 min, 0.0s)
2026-10-03 00:24:14,234 INFO [146/1506] ok WELL-00002_20170218100022.parquet (301 min, 0.0s)
2026-10-03 00:24:14,241 INFO [147/1506] ok WELL-00002_20170219010033.parquet (301 min, 0.0s)
2026-10-03 00:24:14,244 INFO [148/1506] ok WELL-00002_20170219060129.parquet (300 min, 0.0s)
2026-10-03 00:24:14,257 INFO [149/1506] ok WELL-00002_20170219160203.parquet (299 min, 0.0s)
2026-10-03 00:24:14,259 INFO [150/1506] ok WELL-00002_20170219110152.parquet (300 min, 0.0s)
2026-10-03 00:24:14,267 INFO [151/1506] ok WELL-00002_20170219210214.parquet (299 min, 0.0s)
2026-10-03 00:24:14,267 INFO [152/1506] ok WELL-00002_20170307190031.parquet (301 min, 0.0s)
2026-10-03 00:24:14,279 INFO [153/1506] ok WELL-00002_20170308000103.parquet (300 min, 0.0s)
2026-10-03 00:24:14,281 INFO [154/1506] ok WELL-00002_20170308050042.parquet (301 min, 0.0s)
2026-10-03 00:24:14,291 INFO [155/1506] ok WELL-00002_20170308150353.parquet (298 min, 0.0s)
2026-10-03 00:24:14,291 INFO [156/1506] ok WELL-00002_20170308100124.parquet (300 min, 0.0s)
2026-10-03 00:24:14,302 INFO [157/1506] ok WELL-00002_20170308200218.parquet (299 min, 0.0s)
2026-10-03 00:24:14,306 INFO [158/1506] ok WELL-00002_20170309010218.parquet (299 min, 0.0s)
2026-10-03 00:24:14,315 INFO [159/1506] ok WELL-00002_20170309060218.parquet (299 min, 0.0s)
2026-10-03 00:24:14,315 INFO [160/1506] ok WELL-00002_20170309110156.parquet (300 min, 0.0s)
2026-10-03 00:24:14,325 INFO [161/1506] ok WELL-00002_20170309160218.parquet (299 min, 0.0s)
2026-10-03 00:24:14,326 INFO [162/1506] ok WELL-00002_20170309210207.parquet (299 min, 0.0s)
2026-10-03 00:24:14,338 INFO [163/1506] ok WELL-00002_20170310070518.parquet (296 min, 0.0s)
2026-10-03 00:24:14,339 INFO [164/1506] ok WELL-00002_20170310020146.parquet (300 min, 0.0s)
2026-10-03 00:24:14,348 INFO [165/1506] ok WELL-00002_20170310120321.parquet (298 min, 0.0s)
2026-10-03 00:24:14,349 INFO [166/1506] ok WELL-00002_20170310170103.parquet (300 min, 0.0s)
2026-10-03 00:24:14,361 INFO [167/1506] ok WELL-00002_20170310220042.parquet (301 min, 0.0s)
2026-10-03 00:24:14,362 INFO [168/1506] ok WELL-00002_20170404020000.parquet (300 min, 0.0s)
2026-10-03 00:24:14,371 INFO [169/1506] ok WELL-00002_20170404120000.parquet (299 min, 0.0s)
2026-10-03 00:24:14,371 INFO [170/1506] ok WELL-00002_20170404070045.parquet (301 min, 0.0s)
2026-10-03 00:24:14,384 INFO [171/1506] ok WELL-00002_20170404170000.parquet (299 min, 0.0s)
2026-10-03 00:24:14,385 INFO [172/1506] ok WELL-00002_20170404220000.parquet (298 min, 0.0s)
2026-10-03 00:24:14,392 INFO [173/1506] ok WELL-00002_20170405080000.parquet (300 min, 0.0s)
2026-10-03 00:24:14,395 INFO [174/1506] ok WELL-00002_20170405030000.parquet (300 min, 0.0s)
2026-10-03 00:24:14,407 INFO [175/1506] ok WELL-00002_20170405130000.parquet (297 min, 0.0s)
2026-10-03 00:24:14,410 INFO [176/1506] ok WELL-00002_20170405180000.parquet (300 min, 0.0s)
2026-10-03 00:24:14,416 INFO [177/1506] ok WELL-00002_20170405230000.parquet (297 min, 0.0s)
2026-10-03 00:24:14,418 INFO [178/1506] ok WELL-00002_20170406040000.parquet (296 min, 0.0s)
2026-10-03 00:24:14,429 INFO [179/1506] ok WELL-00002_20170406090000.parquet (294 min, 0.0s)
2026-10-03 00:24:14,431 INFO [180/1506] ok WELL-00002_20170406140000.parquet (300 min, 0.0s)
2026-10-03 00:24:14,438 INFO [181/1506] ok WELL-00002_20170406190000.parquet (300 min, 0.0s)
2026-10-03 00:24:14,440 INFO [182/1506] ok WELL-00002_20170610230108.parquet (298 min, 0.0s)
2026-10-03 00:24:14,451 INFO [183/1506] ok WELL-00002_20170611040011.parquet (299 min, 0.0s)
2026-10-03 00:24:14,454 INFO [184/1506] ok WELL-00002_20170611090000.parquet (299 min, 0.0s)
2026-10-03 00:24:14,460 INFO [185/1506] ok WELL-00002_20170611140000.parquet (298 min, 0.0s)
2026-10-03 00:24:14,463 INFO [186/1506] ok WELL-00002_20170611190000.parquet (300 min, 0.0s)
2026-10-03 00:24:14,475 INFO [187/1506] ok WELL-00002_20170612000000.parquet (300 min, 0.0s)
2026-10-03 00:24:14,481 INFO [188/1506] ok WELL-00002_20170612050057.parquet (299 min, 0.0s)
2026-10-03 00:24:14,482 INFO [189/1506] ok WELL-00002_20170612100022.parquet (300 min, 0.0s)
2026-10-03 00:24:14,487 INFO [190/1506] ok WELL-00002_20170612150022.parquet (301 min, 0.0s)
2026-10-03 00:24:14,499 INFO [191/1506] ok WELL-00002_20170612200000.parquet (299 min, 0.0s)
2026-10-03 00:24:14,505 INFO [192/1506] ok WELL-00002_20170613010022.parquet (300 min, 0.0s)
2026-10-03 00:24:14,506 INFO [193/1506] ok WELL-00002_20170613060011.parquet (298 min, 0.0s)
2026-10-03 00:24:14,512 INFO [194/1506] ok WELL-00002_20170613110000.parquet (299 min, 0.0s)
2026-10-03 00:24:14,525 INFO [195/1506] ok WELL-00002_20170613160000.parquet (299 min, 0.0s)
2026-10-03 00:24:14,530 INFO [196/1506] ok WELL-00002_20170613210000.parquet (298 min, 0.0s)
2026-10-03 00:24:14,530 INFO [197/1506] ok WELL-00002_20170614020000.parquet (299 min, 0.0s)
2026-10-03 00:24:14,536 INFO [198/1506] ok WELL-00002_20170614070057.parquet (300 min, 0.0s)
2026-10-03 00:24:14,549 INFO [199/1506] ok WELL-00002_20170614120000.parquet (299 min, 0.0s)
2026-10-03 00:24:14,552 INFO [200/1506] ok WELL-00002_20170614220200.parquet (299 min, 0.0s)
2026-10-03 00:24:14,555 INFO [201/1506] ok WELL-00002_20170614170000.parquet (299 min, 0.0s)
2026-10-03 00:24:14,559 INFO [202/1506] ok WELL-00002_20170615030032.parquet (301 min, 0.0s)
2026-10-03 00:24:14,573 INFO [203/1506] ok WELL-00002_20170615080400.parquet (297 min, 0.0s)
2026-10-03 00:24:14,576 INFO [204/1506] ok WELL-00002_20170615130021.parquet (301 min, 0.0s)
2026-10-03 00:24:14,577 INFO [205/1506] ok WELL-00002_20170615180127.parquet (300 min, 0.0s)
2026-10-03 00:24:14,584 INFO [206/1506] ok WELL-00002_20170615230149.parquet (300 min, 0.0s)
2026-10-03 00:24:14,598 INFO [207/1506] ok WELL-00002_20170616040043.parquet (301 min, 0.0s)
2026-10-03 00:24:14,599 INFO [208/1506] ok WELL-00002_20170616090516.parquet (296 min, 0.0s)
2026-10-03 00:24:14,600 INFO [209/1506] ok WELL-00002_20170616140211.parquet (299 min, 0.0s)
2026-10-03 00:24:14,607 INFO [210/1506] ok WELL-00002_20170616190349.parquet (298 min, 0.0s)
2026-10-03 00:24:14,622 INFO [211/1506] ok WELL-00002_20170617100221.parquet (299 min, 0.0s)
2026-10-03 00:24:14,623 INFO [212/1506] ok WELL-00002_20170617050043.parquet (301 min, 0.0s)
2026-10-03 00:24:14,623 INFO [213/1506] ok WELL-00002_20170617000127.parquet (300 min, 0.0s)
2026-10-03 00:24:14,632 INFO [214/1506] ok WELL-00002_20170617150149.parquet (300 min, 0.0s)
2026-10-03 00:24:14,645 INFO [215/1506] ok WELL-00002_20170618060105.parquet (300 min, 0.0s)
2026-10-03 00:24:14,645 INFO [216/1506] ok WELL-00002_20170618010105.parquet (300 min, 0.0s)
2026-10-03 00:24:14,647 INFO [217/1506] ok WELL-00002_20170617210127.parquet (240 min, 0.0s)
2026-10-03 00:24:14,654 INFO [218/1506] ok WELL-00002_20170618110600.parquet (295 min, 0.0s)
2026-10-03 00:24:14,666 INFO [219/1506] ok WELL-00002_20170618160211.parquet (299 min, 0.0s)
2026-10-03 00:24:14,668 INFO [220/1506] ok WELL-00002_20170618210043.parquet (301 min, 0.0s)
2026-10-03 00:24:14,668 INFO [221/1506] ok WELL-00002_20170619020032.parquet (301 min, 0.0s)
2026-10-03 00:24:14,674 INFO [222/1506] ok WELL-00002_20170619070054.parquet (301 min, 0.0s)
2026-10-03 00:24:14,688 INFO [223/1506] ok WELL-00002_20170619120021.parquet (301 min, 0.0s)
2026-10-03 00:24:14,689 INFO [224/1506] ok WELL-00002_20170619220043.parquet (301 min, 0.0s)
2026-10-03 00:24:14,689 INFO [225/1506] ok WELL-00002_20170619170149.parquet (300 min, 0.0s)
2026-10-03 00:24:14,696 INFO [226/1506] ok WELL-00002_20170620030505.parquet (296 min, 0.0s)
2026-10-03 00:24:14,710 INFO [227/1506] ok WELL-00002_20170620180211.parquet (239 min, 0.0s)
2026-10-03 00:24:14,711 INFO [228/1506] ok WELL-00002_20170620130116.parquet (300 min, 0.0s)
2026-10-03 00:24:14,711 INFO [229/1506] ok WELL-00002_20170620080254.parquet (299 min, 0.0s)
2026-10-03 00:24:14,718 INFO [230/1506] ok WELL-00002_20170620220109.parquet (240 min, 0.0s)
2026-10-03 00:24:14,733 INFO [231/1506] ok WELL-00002_20170621120116.parquet (300 min, 0.0s)
2026-10-03 00:24:14,733 INFO [232/1506] ok WELL-00002_20170621070422.parquet (297 min, 0.0s)
2026-10-03 00:24:14,734 INFO [233/1506] ok WELL-00002_20170621020054.parquet (301 min, 0.0s)
2026-10-03 00:24:14,739 INFO [234/1506] ok WELL-00002_20170621170032.parquet (301 min, 0.0s)
2026-10-03 00:24:14,758 INFO [235/1506] ok WELL-00002_20170622080043.parquet (301 min, 0.0s)
2026-10-03 00:24:14,760 INFO [236/1506] ok WELL-00002_20170621220054.parquet (301 min, 0.0s)
2026-10-03 00:24:14,760 INFO [237/1506] ok WELL-00002_20170622030105.parquet (300 min, 0.0s)
2026-10-03 00:24:14,767 INFO [238/1506] ok WELL-00002_20170622130127.parquet (300 min, 0.0s)
2026-10-03 00:24:14,781 INFO [239/1506] ok WELL-00002_20170622180316.parquet (298 min, 0.0s)
2026-10-03 00:24:14,783 INFO [240/1506] ok WELL-00002_20170622230305.parquet (298 min, 0.0s)
2026-10-03 00:24:14,784 INFO [241/1506] ok WELL-00002_20170623040021.parquet (301 min, 0.0s)
2026-10-03 00:24:14,789 INFO [242/1506] ok WELL-00002_20170623090032.parquet (301 min, 0.0s)
2026-10-03 00:24:14,804 INFO [243/1506] ok WELL-00002_20170623140127.parquet (300 min, 0.0s)
2026-10-03 00:24:14,805 INFO [244/1506] ok WELL-00002_20170624000032.parquet (301 min, 0.0s)
2026-10-03 00:24:14,806 INFO [245/1506] ok WELL-00002_20170623190211.parquet (299 min, 0.0s)
2026-10-03 00:24:14,812 INFO [246/1506] ok WELL-00002_20170624050127.parquet (300 min, 0.0s)
2026-10-03 00:24:14,829 INFO [247/1506] ok WELL-00002_20170624100021.parquet (301 min, 0.0s)
2026-10-03 00:24:14,829 INFO [248/1506] ok WELL-00002_20170624150054.parquet (301 min, 0.0s)
2026-10-03 00:24:14,830 INFO [249/1506] ok WELL-00002_20170624200211.parquet (299 min, 0.0s)
2026-10-03 00:24:14,836 INFO [250/1506] ok WELL-00002_20170625010200.parquet (299 min, 0.0s)
2026-10-03 00:24:14,853 INFO [251/1506] ok WELL-00002_20170625060243.parquet (299 min, 0.0s)
2026-10-03 00:24:14,853 INFO [252/1506] ok WELL-00002_20170625110032.parquet (301 min, 0.0s)
2026-10-03 00:24:14,853 INFO [253/1506] ok WELL-00002_20170625160232.parquet (299 min, 0.0s)
2026-10-03 00:24:14,858 INFO [254/1506] ok WELL-00002_20170625210127.parquet (300 min, 0.0s)
2026-10-03 00:24:14,873 INFO [255/1506] ok WELL-00002_20170626020043.parquet (301 min, 0.0s)
2026-10-03 00:24:14,875 INFO [256/1506] ok WELL-00002_20170626120032.parquet (301 min, 0.0s)
2026-10-03 00:24:14,876 INFO [257/1506] ok WELL-00002_20170626070149.parquet (300 min, 0.0s)
2026-10-03 00:24:14,880 INFO [258/1506] ok WELL-00002_20170626170138.parquet (300 min, 0.0s)
2026-10-03 00:24:14,895 INFO [259/1506] ok WELL-00002_20170626220316.parquet (298 min, 0.0s)
2026-10-03 00:24:14,897 INFO [260/1506] ok WELL-00002_20170804200000.parquet (299 min, 0.0s)
2026-10-03 00:24:14,897 INFO [261/1506] ok WELL-00002_20170805010000.parquet (299 min, 0.0s)
2026-10-03 00:24:14,902 INFO [262/1506] ok WELL-00002_20170805060000.parquet (296 min, 0.0s)
2026-10-03 00:24:14,916 INFO [263/1506] ok WELL-00002_20170805110000.parquet (296 min, 0.0s)
2026-10-03 00:24:14,918 INFO [264/1506] ok WELL-00002_20170805210000.parquet (299 min, 0.0s)
2026-10-03 00:24:14,923 INFO [265/1506] ok WELL-00002_20170805160000.parquet (299 min, 0.0s)
2026-10-03 00:24:14,928 INFO [266/1506] ok WELL-00002_20170806020000.parquet (298 min, 0.0s)
2026-10-03 00:24:14,940 INFO [267/1506] ok WELL-00002_20170806070000.parquet (300 min, 0.0s)
2026-10-03 00:24:14,941 INFO [268/1506] ok WELL-00002_20170806120000.parquet (298 min, 0.0s)
2026-10-03 00:24:14,946 INFO [269/1506] ok WELL-00002_20170806170000.parquet (299 min, 0.0s)
2026-10-03 00:24:14,952 INFO [270/1506] ok WELL-00002_20170806220000.parquet (300 min, 0.0s)
2026-10-03 00:24:14,963 INFO [271/1506] ok WELL-00002_20170807080000.parquet (292 min, 0.0s)
2026-10-03 00:24:14,965 INFO [272/1506] ok WELL-00002_20170807030000.parquet (298 min, 0.0s)
2026-10-03 00:24:14,973 INFO [273/1506] ok WELL-00002_20170807130000.parquet (300 min, 0.0s)
2026-10-03 00:24:14,975 INFO [274/1506] ok WELL-00002_20170807180000.parquet (300 min, 0.0s)
2026-10-03 00:24:14,987 INFO [275/1506] ok WELL-00002_20170807230000.parquet (299 min, 0.0s)
2026-10-03 00:24:14,989 INFO [276/1506] ok WELL-00002_20170808040000.parquet (300 min, 0.0s)
2026-10-03 00:24:14,996 INFO [277/1506] ok WELL-00002_20170808090000.parquet (298 min, 0.0s)
2026-10-03 00:24:14,997 INFO [278/1506] ok WELL-00002_20170808140000.parquet (300 min, 0.0s)
2026-10-03 00:24:15,010 INFO [279/1506] ok WELL-00002_20170808190026.parquet (301 min, 0.0s)
2026-10-03 00:24:15,016 INFO [280/1506] ok WELL-00002_20170809000000.parquet (300 min, 0.0s)
2026-10-03 00:24:15,018 INFO [281/1506] ok WELL-00002_20170809050000.parquet (299 min, 0.0s)
2026-10-03 00:24:15,022 INFO [282/1506] ok WELL-00002_20170809100000.parquet (299 min, 0.0s)
2026-10-03 00:24:15,034 INFO [283/1506] ok WELL-00002_20170809150026.parquet (301 min, 0.0s)
2026-10-03 00:24:15,037 INFO [284/1506] ok WELL-00002_20170809200000.parquet (299 min, 0.0s)
2026-10-03 00:24:15,041 INFO [285/1506] ok WELL-00002_20170810010026.parquet (300 min, 0.0s)
2026-10-03 00:24:15,043 INFO [286/1506] ok WELL-00002_20170810060000.parquet (299 min, 0.0s)
2026-10-03 00:24:15,058 INFO [287/1506] ok WELL-00002_20170810160000.parquet (300 min, 0.0s)
2026-10-03 00:24:15,058 INFO [288/1506] ok WELL-00002_20170810110000.parquet (289 min, 0.0s)
2026-10-03 00:24:15,064 INFO [289/1506] ok WELL-00002_20170810210000.parquet (297 min, 0.0s)
2026-10-03 00:24:15,064 INFO [290/1506] ok WELL-00002_20170811020000.parquet (299 min, 0.0s)
2026-10-03 00:24:15,080 INFO [291/1506] ok WELL-00002_20170811120000.parquet (292 min, 0.0s)
2026-10-03 00:24:15,082 INFO [292/1506] ok WELL-00002_20170811070000.parquet (298 min, 0.0s)
2026-10-03 00:24:15,085 INFO [293/1506] ok WELL-00002_20170811220000.parquet (299 min, 0.0s)
2026-10-03 00:24:15,087 INFO [294/1506] ok WELL-00002_20170811170000.parquet (300 min, 0.0s)
2026-10-03 00:24:15,102 INFO [295/1506] ok WELL-00002_20170812080000.parquet (299 min, 0.0s)
2026-10-03 00:24:15,106 INFO [296/1506] ok WELL-00002_20170812030000.parquet (300 min, 0.0s)
2026-10-03 00:24:15,109 INFO [297/1506] ok WELL-00002_20170812130000.parquet (293 min, 0.0s)
2026-10-03 00:24:15,109 INFO [298/1506] ok WELL-00002_20170812180000.parquet (298 min, 0.0s)
2026-10-03 00:24:15,124 INFO [299/1506] ok WELL-00002_20170812230000.parquet (299 min, 0.0s)
2026-10-03 00:24:15,126 INFO [300/1506] ok WELL-00002_20170813040000.parquet (300 min, 0.0s)
2026-10-03 00:24:15,130 INFO [301/1506] ok WELL-00002_20170813140000.parquet (299 min, 0.0s)
2026-10-03 00:24:15,131 INFO [302/1506] ok WELL-00002_20170813090000.parquet (299 min, 0.0s)
2026-10-03 00:24:15,146 INFO [303/1506] ok WELL-00003_20170514000000.parquet (299 min, 0.0s)
2026-10-03 00:24:15,148 INFO [304/1506] ok WELL-00003_20170514050000.parquet (293 min, 0.0s)
2026-10-03 00:24:15,152 INFO [305/1506] ok WELL-00003_20170514100000.parquet (294 min, 0.0s)
2026-10-03 00:24:15,153 INFO [306/1506] ok WELL-00003_20170514150000.parquet (294 min, 0.0s)
2026-10-03 00:24:15,168 INFO [307/1506] ok WELL-00003_20170807090000.parquet (300 min, 0.0s)
2026-10-03 00:24:15,170 INFO [308/1506] ok WELL-00003_20170812010116.parquet (294 min, 0.0s)
2026-10-03 00:24:15,178 INFO [309/1506] ok WELL-00003_20170812060038.parquet (296 min, 0.0s)
2026-10-03 00:24:15,178 INFO [310/1506] ok WELL-00003_20170812110000.parquet (299 min, 0.0s)
2026-10-03 00:24:15,191 INFO [311/1506] ok WELL-00003_20170812160025.parquet (299 min, 0.0s)
2026-10-03 00:24:15,194 INFO [312/1506] ok WELL-00003_20170812210116.parquet (297 min, 0.0s)
2026-10-03 00:24:15,201 INFO [313/1506] ok WELL-00003_20170813020000.parquet (296 min, 0.0s)
2026-10-03 00:24:15,201 INFO [314/1506] ok WELL-00003_20170813070105.parquet (298 min, 0.0s)
2026-10-03 00:24:15,213 INFO [315/1506] ok WELL-00003_20170813120131.parquet (298 min, 0.0s)
2026-10-03 00:24:15,216 INFO [316/1506] ok WELL-00003_20170813170118.parquet (298 min, 0.0s)
2026-10-03 00:24:15,221 INFO [317/1506] ok WELL-00003_20170821030114.parquet (300 min, 0.0s)
2026-10-03 00:24:15,223 INFO [318/1506] ok WELL-00003_20170820220053.parquet (301 min, 0.0s)
2026-10-03 00:24:15,235 INFO [319/1506] ok WELL-00003_20170821080300.parquet (298 min, 0.0s)
2026-10-03 00:24:15,238 INFO [320/1506] ok WELL-00003_20170821130207.parquet (299 min, 0.0s)
2026-10-03 00:24:15,243 INFO [321/1506] ok WELL-00003_20170914100000.parquet (299 min, 0.0s)
2026-10-03 00:24:15,244 INFO [322/1506] ok WELL-00003_20170914150000.parquet (299 min, 0.0s)
2026-10-03 00:24:15,257 INFO [323/1506] ok WELL-00003_20170914200000.parquet (299 min, 0.0s)
2026-10-03 00:24:15,260 INFO [324/1506] ok WELL-00003_20170915010000.parquet (299 min, 0.0s)
2026-10-03 00:24:15,266 INFO [325/1506] ok WELL-00003_20170915060000.parquet (298 min, 0.0s)
2026-10-03 00:24:15,267 INFO [326/1506] ok WELL-00003_20170915110000.parquet (298 min, 0.0s)
2026-10-03 00:24:15,279 INFO [327/1506] ok WELL-00003_20170915160000.parquet (300 min, 0.0s)
2026-10-03 00:24:15,284 INFO [328/1506] ok WELL-00003_20170915210000.parquet (300 min, 0.0s)
2026-10-03 00:24:15,286 INFO [329/1506] ok WELL-00004_20140806230129.parquet (120 min, 0.0s)
2026-10-03 00:24:15,289 INFO [330/1506] ok WELL-00004_20140806210033.parquet (121 min, 0.0s)
2026-10-03 00:24:15,300 INFO [331/1506] ok WELL-00004_20140807010107.parquet (120 min, 0.0s)
2026-10-03 00:24:15,304 INFO [332/1506] ok WELL-00004_20140807030137.parquet (120 min, 0.0s)
2026-10-03 00:24:15,309 INFO [333/1506] ok WELL-00004_20140807050141.parquet (120 min, 0.0s)
2026-10-03 00:24:15,309 INFO [334/1506] ok WELL-00004_20140807070055.parquet (121 min, 0.0s)
2026-10-03 00:24:15,320 INFO [335/1506] ok WELL-00004_20140807090112.parquet (120 min, 0.0s)
2026-10-03 00:24:15,324 INFO [336/1506] ok WELL-00004_20140807110112.parquet (120 min, 0.0s)
2026-10-03 00:24:15,328 INFO [337/1506] ok WELL-00004_20140807150311.parquet (118 min, 0.0s)
2026-10-03 00:24:15,329 INFO [338/1506] ok WELL-00004_20140807130038.parquet (121 min, 0.0s)
2026-10-03 00:24:15,339 INFO [339/1506] ok WELL-00004_20140807170050.parquet (121 min, 0.0s)
2026-10-03 00:24:15,341 INFO [340/1506] ok WELL-00004_20140807190042.parquet (121 min, 0.0s)
2026-10-03 00:24:15,350 INFO [341/1506] ok WELL-00005_20170331050014.parquet (299 min, 0.0s)
2026-10-03 00:24:15,355 INFO [342/1506] ok WELL-00005_20170331100000.parquet (298 min, 0.0s)
2026-10-03 00:24:15,365 INFO [343/1506] ok WELL-00005_20170331150000.parquet (299 min, 0.0s)
2026-10-03 00:24:15,365 INFO [344/1506] ok WELL-00005_20170331200112.parquet (300 min, 0.0s)
2026-10-03 00:24:15,373 INFO [345/1506] ok WELL-00005_20170401010000.parquet (299 min, 0.0s)
2026-10-03 00:24:15,380 INFO [346/1506] ok WELL-00005_20170401060000.parquet (300 min, 0.0s)
2026-10-03 00:24:15,386 INFO [347/1506] ok WELL-00005_20170401110141.parquet (299 min, 0.0s)
2026-10-03 00:24:15,389 INFO [348/1506] ok WELL-00005_20170401160000.parquet (300 min, 0.0s)
2026-10-03 00:24:15,399 INFO [349/1506] ok WELL-00005_20170401210156.parquet (299 min, 0.0s)
2026-10-03 00:24:15,403 INFO [350/1506] ok WELL-00005_20170402020029.parquet (299 min, 0.0s)
2026-10-03 00:24:15,408 INFO [351/1506] ok WELL-00005_20170402070043.parquet (300 min, 0.0s)
2026-10-03 00:24:15,413 INFO [352/1506] ok WELL-00005_20170402120029.parquet (298 min, 0.0s)
2026-10-03 00:24:15,424 INFO [353/1506] ok WELL-00005_20170402170043.parquet (299 min, 0.0s)
2026-10-03 00:24:15,426 INFO [354/1506] ok WELL-00005_20170402220127.parquet (298 min, 0.0s)
2026-10-03 00:24:15,433 INFO [355/1506] ok WELL-00005_20170403030000.parquet (299 min, 0.0s)
2026-10-03 00:24:15,436 INFO [356/1506] ok WELL-00005_20170403080000.parquet (299 min, 0.0s)
2026-10-03 00:24:15,446 INFO [357/1506] ok WELL-00005_20170403130000.parquet (299 min, 0.0s)
2026-10-03 00:24:15,447 INFO [358/1506] ok WELL-00005_20170403180000.parquet (299 min, 0.0s)
2026-10-03 00:24:15,454 INFO [359/1506] ok WELL-00005_20170403230043.parquet (301 min, 0.0s)
2026-10-03 00:24:15,458 INFO [360/1506] ok WELL-00005_20170516040046.parquet (179 min, 0.0s)
2026-10-03 00:24:15,467 INFO [361/1506] ok WELL-00005_20170516100000.parquet (179 min, 0.0s)
2026-10-03 00:24:15,467 INFO [362/1506] ok WELL-00005_20170516070038.parquet (181 min, 0.0s)
2026-10-03 00:24:15,475 INFO [363/1506] ok WELL-00005_20170516130007.parquet (179 min, 0.0s)
2026-10-03 00:24:15,478 INFO [364/1506] ok WELL-00005_20170516160000.parquet (179 min, 0.0s)
2026-10-03 00:24:15,487 INFO [365/1506] ok WELL-00005_20170516220000.parquet (180 min, 0.0s)
2026-10-03 00:24:15,490 INFO [366/1506] ok WELL-00005_20170516190038.parquet (179 min, 0.0s)
2026-10-03 00:24:15,496 INFO [367/1506] ok WELL-00005_20170812100000.parquet (176 min, 0.0s)
2026-10-03 00:24:15,500 INFO [368/1506] ok WELL-00005_20170812130000.parquet (175 min, 0.0s)
2026-10-03 00:24:15,509 INFO [369/1506] ok WELL-00005_20170812160000.parquet (173 min, 0.0s)
2026-10-03 00:24:15,509 INFO [370/1506] ok WELL-00005_20170812190000.parquet (176 min, 0.0s)
2026-10-03 00:24:15,516 INFO [371/1506] ok WELL-00005_20170812220000.parquet (180 min, 0.0s)
2026-10-03 00:24:15,524 INFO [372/1506] ok WELL-00005_20170813010000.parquet (177 min, 0.0s)
2026-10-03 00:24:15,533 INFO [373/1506] ok WELL-00005_20170813070000.parquet (180 min, 0.0s)
2026-10-03 00:24:15,534 INFO [374/1506] ok WELL-00005_20170813040000.parquet (176 min, 0.0s)
2026-10-03 00:24:15,541 INFO [375/1506] ok WELL-00005_20170813100000.parquet (178 min, 0.0s)
2026-10-03 00:24:15,549 INFO [376/1506] ok WELL-00005_20170813130000.parquet (180 min, 0.0s)
2026-10-03 00:24:15,555 INFO [377/1506] ok WELL-00005_20170813160000.parquet (179 min, 0.0s)
2026-10-03 00:24:15,557 INFO [378/1506] ok WELL-00005_20170813190000.parquet (179 min, 0.0s)
2026-10-03 00:24:15,560 INFO [379/1506] ok WELL-00005_20170813220000.parquet (180 min, 0.0s)
2026-10-03 00:24:15,570 INFO [380/1506] ok WELL-00005_20170814010000.parquet (177 min, 0.0s)
2026-10-03 00:24:15,575 INFO [381/1506] ok WELL-00005_20170814040000.parquet (179 min, 0.0s)
2026-10-03 00:24:15,581 INFO [382/1506] ok WELL-00005_20170814070000.parquet (179 min, 0.0s)
2026-10-03 00:24:15,582 INFO [383/1506] ok WELL-00005_20170814100000.parquet (173 min, 0.0s)
2026-10-03 00:24:15,592 INFO [384/1506] ok WELL-00005_20170814130000.parquet (180 min, 0.0s)
2026-10-03 00:24:15,598 INFO [385/1506] ok WELL-00005_20170814160000.parquet (175 min, 0.0s)
2026-10-03 00:24:15,602 INFO [386/1506] ok WELL-00005_20170814190000.parquet (180 min, 0.0s)
2026-10-03 00:24:15,604 INFO [387/1506] ok WELL-00005_20170814220000.parquet (174 min, 0.0s)
2026-10-03 00:24:15,614 INFO [388/1506] ok WELL-00005_20170815040000.parquet (178 min, 0.0s)
2026-10-03 00:24:15,619 INFO [389/1506] ok WELL-00005_20170815070000.parquet (178 min, 0.0s)
2026-10-03 00:24:15,623 INFO [390/1506] ok WELL-00005_20170815100000.parquet (176 min, 0.0s)
2026-10-03 00:24:15,625 INFO [391/1506] ok WELL-00005_20170815130000.parquet (178 min, 0.0s)
2026-10-03 00:24:15,633 INFO [392/1506] ok WELL-00005_20170815160000.parquet (178 min, 0.0s)
2026-10-03 00:24:15,641 INFO [393/1506] ok WELL-00005_20170815190000.parquet (179 min, 0.0s)
2026-10-03 00:24:15,645 INFO [394/1506] ok WELL-00005_20170815220000.parquet (178 min, 0.0s)
2026-10-03 00:24:15,646 INFO [395/1506] ok WELL-00005_20170816010000.parquet (178 min, 0.0s)
2026-10-03 00:24:15,656 INFO [396/1506] ok WELL-00005_20170816040000.parquet (180 min, 0.0s)
2026-10-03 00:24:15,662 INFO [397/1506] ok WELL-00005_20170816070000.parquet (179 min, 0.0s)
2026-10-03 00:24:15,665 INFO [398/1506] ok WELL-00005_20170816130000.parquet (175 min, 0.0s)
2026-10-03 00:24:15,666 INFO [399/1506] ok WELL-00005_20170816100000.parquet (179 min, 0.0s)
2026-10-03 00:24:15,678 INFO [400/1506] ok WELL-00005_20170816160000.parquet (177 min, 0.0s)
2026-10-03 00:24:15,682 INFO [401/1506] ok WELL-00005_20170816190000.parquet (180 min, 0.0s)
2026-10-03 00:24:15,684 INFO [402/1506] ok WELL-00005_20170816220000.parquet (180 min, 0.0s)
2026-10-03 00:24:15,686 INFO [403/1506] ok WELL-00005_20170817010000.parquet (180 min, 0.0s)
2026-10-03 00:24:15,698 INFO [404/1506] ok WELL-00005_20170817040000.parquet (177 min, 0.0s)
2026-10-03 00:24:15,702 INFO [405/1506] ok WELL-00005_20170817070000.parquet (180 min, 0.0s)
2026-10-03 00:24:15,702 INFO [406/1506] ok WELL-00005_20170817100000.parquet (178 min, 0.0s)
2026-10-03 00:24:15,706 INFO [407/1506] ok WELL-00005_20170817130000.parquet (179 min, 0.0s)
2026-10-03 00:24:15,719 INFO [408/1506] ok WELL-00005_20170817160000.parquet (176 min, 0.0s)
2026-10-03 00:24:15,721 INFO [409/1506] ok WELL-00005_20170830050000.parquet (180 min, 0.0s)
2026-10-03 00:24:15,722 INFO [410/1506] ok WELL-00005_20170817190000.parquet (178 min, 0.0s)
2026-10-03 00:24:15,727 INFO [411/1506] ok WELL-00005_20170830080000.parquet (179 min, 0.0s)
2026-10-03 00:24:15,739 INFO [412/1506] ok WELL-00005_20170830110000.parquet (178 min, 0.0s)
2026-10-03 00:24:15,741 INFO [413/1506] ok WELL-00005_20170830170000.parquet (178 min, 0.0s)
2026-10-03 00:24:15,742 INFO [414/1506] ok WELL-00005_20170830140000.parquet (180 min, 0.0s)
2026-10-03 00:24:15,747 INFO [415/1506] ok WELL-00005_20170830200000.parquet (179 min, 0.0s)
2026-10-03 00:24:15,759 INFO [416/1506] ok WELL-00005_20170910020004.parquet (120 min, 0.0s)
2026-10-03 00:24:15,760 INFO [417/1506] ok WELL-00005_20170910060000.parquet (120 min, 0.0s)
2026-10-03 00:24:15,760 INFO [418/1506] ok WELL-00005_20170910040000.parquet (119 min, 0.0s)
2026-10-03 00:24:15,768 INFO [419/1506] ok WELL-00005_20170910080000.parquet (119 min, 0.0s)
2026-10-03 00:24:15,782 INFO [420/1506] ok WELL-00005_20170910100000.parquet (119 min, 0.0s)
2026-10-03 00:24:15,782 INFO [421/1506] ok WELL-00006_20170206210031.parquet (301 min, 0.0s)
2026-10-03 00:24:15,783 INFO [422/1506] ok WELL-00005_20170910120000.parquet (118 min, 0.0s)
2026-10-03 00:24:15,792 INFO [423/1506] ok WELL-00006_20170207020135.parquet (300 min, 0.0s)
2026-10-03 00:24:15,804 INFO [424/1506] ok WELL-00006_20170207070124.parquet (300 min, 0.0s)
2026-10-03 00:24:15,806 INFO [425/1506] ok WELL-00006_20170207120228.parquet (299 min, 0.0s)
2026-10-03 00:24:15,810 INFO [426/1506] ok WELL-00006_20170207170042.parquet (301 min, 0.0s)
2026-10-03 00:24:15,816 INFO [427/1506] ok WELL-00006_20170207220207.parquet (299 min, 0.0s)
2026-10-03 00:24:15,828 INFO [428/1506] ok WELL-00006_20170208030124.parquet (300 min, 0.0s)
2026-10-03 00:24:15,829 INFO [429/1506] ok WELL-00006_20170208080053.parquet (301 min, 0.0s)
2026-10-03 00:24:15,831 INFO [430/1506] ok WELL-00006_20170208130146.parquet (300 min, 0.0s)
2026-10-03 00:24:15,835 INFO [431/1506] ok WELL-00006_20170208180207.parquet (299 min, 0.0s)
2026-10-03 00:24:15,851 INFO [432/1506] ok WELL-00006_20170208230114.parquet (300 min, 0.0s)
2026-10-03 00:24:15,852 INFO [433/1506] ok WELL-00006_20170209040042.parquet (301 min, 0.0s)
2026-10-03 00:24:15,856 INFO [434/1506] ok WELL-00006_20170209090207.parquet (299 min, 0.0s)
2026-10-03 00:24:15,859 INFO [435/1506] ok WELL-00006_20170209140146.parquet (300 min, 0.0s)
2026-10-03 00:24:15,874 INFO [436/1506] ok WELL-00006_20170209190114.parquet (300 min, 0.0s)
2026-10-03 00:24:15,876 INFO [437/1506] ok WELL-00006_20170210000135.parquet (300 min, 0.0s)
2026-10-03 00:24:15,877 INFO [438/1506] ok WELL-00006_20170221230000.parquet (300 min, 0.0s)
2026-10-03 00:24:15,881 INFO [439/1506] ok WELL-00006_20170222040000.parquet (299 min, 0.0s)
2026-10-03 00:24:15,899 INFO [440/1506] ok WELL-00006_20170222190000.parquet (300 min, 0.0s)
2026-10-03 00:24:15,901 INFO [441/1506] ok WELL-00006_20170222090000.parquet (299 min, 0.0s)
2026-10-03 00:24:15,904 INFO [442/1506] ok WELL-00006_20170222140000.parquet (300 min, 0.0s)
2026-10-03 00:24:15,905 INFO [443/1506] ok WELL-00006_20170223000000.parquet (299 min, 0.0s)
2026-10-03 00:24:15,923 INFO [444/1506] ok WELL-00006_20170223050000.parquet (299 min, 0.0s)
2026-10-03 00:24:15,924 INFO [445/1506] ok WELL-00006_20170223100000.parquet (299 min, 0.0s)
2026-10-03 00:24:15,926 INFO [446/1506] ok WELL-00006_20170223150000.parquet (300 min, 0.0s)
2026-10-03 00:24:15,928 INFO [447/1506] ok WELL-00006_20170223200000.parquet (299 min, 0.0s)
2026-10-03 00:24:15,945 INFO [448/1506] ok WELL-00006_20170224010000.parquet (298 min, 0.0s)
2026-10-03 00:24:15,946 INFO [449/1506] ok WELL-00006_20170224060000.parquet (298 min, 0.0s)
2026-10-03 00:24:15,949 INFO [450/1506] ok WELL-00006_20170224110025.parquet (301 min, 0.0s)
2026-10-03 00:24:15,949 INFO [451/1506] ok WELL-00006_20170224160000.parquet (300 min, 0.0s)
2026-10-03 00:24:15,967 INFO [452/1506] ok WELL-00006_20170505200021.parquet (301 min, 0.0s)
2026-10-03 00:24:15,970 INFO [453/1506] ok WELL-00006_20170506060114.parquet (300 min, 0.0s)
2026-10-03 00:24:15,970 INFO [454/1506] ok WELL-00006_20170506010103.parquet (300 min, 0.0s)
2026-10-03 00:24:15,973 INFO [455/1506] ok WELL-00006_20170506110042.parquet (301 min, 0.0s)
2026-10-03 00:24:15,994 INFO [456/1506] ok WELL-00006_20170506210103.parquet (300 min, 0.0s)
2026-10-03 00:24:15,994 INFO [457/1506] ok WELL-00006_20170507020249.parquet (299 min, 0.0s)
2026-10-03 00:24:15,994 INFO [458/1506] ok WELL-00006_20170506160053.parquet (301 min, 0.0s)
2026-10-03 00:24:15,995 INFO [459/1506] ok WELL-00006_20170507070124.parquet (300 min, 0.0s)
2026-10-03 00:24:16,016 INFO [460/1506] ok WELL-00006_20170507120135.parquet (300 min, 0.0s)
2026-10-03 00:24:16,017 INFO [461/1506] ok WELL-00006_20170507170103.parquet (300 min, 0.0s)
2026-10-03 00:24:16,017 INFO [462/1506] ok WELL-00006_20170507220053.parquet (301 min, 0.0s)
2026-10-03 00:24:16,017 INFO [463/1506] ok WELL-00006_20170508030021.parquet (301 min, 0.0s)
2026-10-03 00:24:16,041 INFO [464/1506] ok WELL-00006_20170508080031.parquet (301 min, 0.0s)
2026-10-03 00:24:16,042 INFO [465/1506] ok WELL-00006_20170508130053.parquet (301 min, 0.0s)
2026-10-03 00:24:16,042 INFO [466/1506] ok WELL-00006_20170508230053.parquet (301 min, 0.0s)
2026-10-03 00:24:16,044 INFO [467/1506] ok WELL-00006_20170508180053.parquet (301 min, 0.0s)
2026-10-03 00:24:16,064 INFO [468/1506] ok WELL-00006_20170509140042.parquet (301 min, 0.0s)
2026-10-03 00:24:16,065 INFO [469/1506] ok WELL-00006_20170509040031.parquet (301 min, 0.0s)
2026-10-03 00:24:16,065 INFO [470/1506] ok WELL-00006_20170509090135.parquet (300 min, 0.0s)
2026-10-03 00:24:16,067 INFO [471/1506] ok WELL-00006_20170509190135.parquet (300 min, 0.0s)
2026-10-03 00:24:16,087 INFO [472/1506] ok WELL-00006_20170815150000.parquet (299 min, 0.0s)
2026-10-03 00:24:16,088 INFO [473/1506] ok WELL-00006_20170815050000.parquet (300 min, 0.0s)
2026-10-03 00:24:16,088 INFO [474/1506] ok WELL-00006_20170815100000.parquet (299 min, 0.0s)
2026-10-03 00:24:16,089 INFO [475/1506] ok WELL-00006_20170815200000.parquet (299 min, 0.0s)
2026-10-03 00:24:16,110 INFO [476/1506] ok WELL-00006_20170816060000.parquet (297 min, 0.0s)
2026-10-03 00:24:16,111 INFO [477/1506] ok WELL-00006_20170816010000.parquet (297 min, 0.0s)
2026-10-03 00:24:16,113 INFO [478/1506] ok WELL-00006_20170816110000.parquet (294 min, 0.0s)
2026-10-03 00:24:16,115 INFO [479/1506] ok WELL-00006_20170816160000.parquet (299 min, 0.0s)
2026-10-03 00:24:16,134 INFO [480/1506] ok WELL-00006_20170816210000.parquet (295 min, 0.0s)
2026-10-03 00:24:16,134 INFO [481/1506] ok WELL-00006_20170817020000.parquet (300 min, 0.0s)
2026-10-03 00:24:16,136 INFO [482/1506] ok WELL-00006_20170817070000.parquet (294 min, 0.0s)
2026-10-03 00:24:16,138 INFO [483/1506] ok WELL-00006_20170817120000.parquet (300 min, 0.0s)
2026-10-03 00:24:16,158 INFO [484/1506] ok WELL-00006_20170817220000.parquet (298 min, 0.0s)
2026-10-03 00:24:16,158 INFO [485/1506] ok WELL-00006_20170818030000.parquet (298 min, 0.0s)
2026-10-03 00:24:16,158 INFO [486/1506] ok WELL-00006_20170817170000.parquet (299 min, 0.0s)
2026-10-03 00:24:16,162 INFO [487/1506] ok WELL-00006_20170818080000.parquet (300 min, 0.0s)
2026-10-03 00:24:16,180 INFO [488/1506] ok WELL-00006_20170818230000.parquet (295 min, 0.0s)
2026-10-03 00:24:16,180 INFO [489/1506] ok WELL-00006_20170818130000.parquet (299 min, 0.0s)
2026-10-03 00:24:16,181 INFO [490/1506] ok WELL-00006_20170818180000.parquet (296 min, 0.0s)
2026-10-03 00:24:16,183 INFO [491/1506] ok WELL-00006_20170819040000.parquet (296 min, 0.0s)
2026-10-03 00:24:16,202 INFO [492/1506] ok WELL-00006_20170819190000.parquet (298 min, 0.0s)
2026-10-03 00:24:16,202 INFO [493/1506] ok WELL-00006_20170819090000.parquet (300 min, 0.0s)
2026-10-03 00:24:16,204 INFO [494/1506] ok WELL-00006_20170819140000.parquet (297 min, 0.0s)
2026-10-03 00:24:16,205 INFO [495/1506] ok WELL-00006_20170820000000.parquet (296 min, 0.0s)
2026-10-03 00:24:16,225 INFO [496/1506] ok WELL-00006_20170820150000.parquet (299 min, 0.0s)
2026-10-03 00:24:16,227 INFO [497/1506] ok WELL-00006_20170820200000.parquet (298 min, 0.0s)
2026-10-03 00:24:16,227 INFO [498/1506] ok WELL-00006_20170820050000.parquet (300 min, 0.0s)
2026-10-03 00:24:16,229 INFO [499/1506] ok WELL-00006_20170820100000.parquet (300 min, 0.0s)
2026-10-03 00:24:16,248 INFO [500/1506] ok WELL-00006_20170821010000.parquet (299 min, 0.0s)
2026-10-03 00:24:16,248 INFO [501/1506] ok WELL-00006_20170821060000.parquet (300 min, 0.0s)
2026-10-03 00:24:16,249 INFO [502/1506] ok WELL-00006_20170821110000.parquet (297 min, 0.0s)
2026-10-03 00:24:16,251 INFO [503/1506] ok WELL-00006_20170821160000.parquet (299 min, 0.0s)
2026-10-03 00:24:16,271 INFO [504/1506] ok WELL-00006_20170821210000.parquet (298 min, 0.0s)
2026-10-03 00:24:16,271 INFO [505/1506] ok WELL-00006_20170822020000.parquet (299 min, 0.0s)
2026-10-03 00:24:16,275 INFO [506/1506] ok WELL-00006_20170822170000.parquet (299 min, 0.0s)
2026-10-03 00:24:16,275 INFO [507/1506] ok WELL-00006_20170822220000.parquet (299 min, 0.0s)
2026-10-03 00:24:16,293 INFO [508/1506] ok WELL-00006_20170823030000.parquet (300 min, 0.0s)
2026-10-03 00:24:16,294 INFO [509/1506] ok WELL-00006_20170823080000.parquet (299 min, 0.0s)
2026-10-03 00:24:16,295 INFO [510/1506] ok WELL-00006_20170823130000.parquet (297 min, 0.0s)
2026-10-03 00:24:16,300 INFO [511/1506] ok WELL-00006_20170823180000.parquet (300 min, 0.0s)
2026-10-03 00:24:16,316 INFO [512/1506] ok WELL-00006_20170824040000.parquet (298 min, 0.0s)
2026-10-03 00:24:16,317 INFO [513/1506] ok WELL-00006_20170823230000.parquet (299 min, 0.0s)
2026-10-03 00:24:16,317 INFO [514/1506] ok WELL-00006_20170824090000.parquet (300 min, 0.0s)
2026-10-03 00:24:16,321 INFO [515/1506] ok WELL-00006_20170824140000.parquet (298 min, 0.0s)
2026-10-03 00:24:16,338 INFO [516/1506] ok WELL-00006_20170825000042.parquet (301 min, 0.0s)
2026-10-03 00:24:16,339 INFO [517/1506] ok WELL-00006_20170825050135.parquet (300 min, 0.0s)
2026-10-03 00:24:16,339 INFO [518/1506] ok WELL-00006_20170824190135.parquet (300 min, 0.0s)
2026-10-03 00:24:16,344 INFO [519/1506] ok WELL-00006_20170825100249.parquet (299 min, 0.0s)
2026-10-03 00:24:16,360 INFO [520/1506] ok WELL-00006_20170825200053.parquet (301 min, 0.0s)
2026-10-03 00:24:16,361 INFO [521/1506] ok WELL-00006_20170826010207.parquet (299 min, 0.0s)
2026-10-03 00:24:16,361 INFO [522/1506] ok WELL-00006_20170825150135.parquet (300 min, 0.0s)
2026-10-03 00:24:16,365 INFO [523/1506] ok WELL-00006_20170826060135.parquet (300 min, 0.0s)
2026-10-03 00:24:16,382 INFO [524/1506] ok WELL-00006_20170826110103.parquet (300 min, 0.0s)
2026-10-03 00:24:16,382 INFO [525/1506] ok WELL-00006_20170826160103.parquet (300 min, 0.0s)
2026-10-03 00:24:16,383 INFO [526/1506] ok WELL-00006_20170826210114.parquet (300 min, 0.0s)
2026-10-03 00:24:16,389 INFO [527/1506] ok WELL-00006_20170827020218.parquet (299 min, 0.0s)
2026-10-03 00:24:16,403 INFO [528/1506] ok WELL-00006_20170827170146.parquet (300 min, 0.0s)
2026-10-03 00:24:16,404 INFO [529/1506] ok WELL-00006_20170827120321.parquet (298 min, 0.0s)
2026-10-03 00:24:16,404 INFO [530/1506] ok WELL-00006_20170827070114.parquet (300 min, 0.0s)
2026-10-03 00:24:16,414 INFO [531/1506] ok WELL-00006_20170827220218.parquet (299 min, 0.0s)
2026-10-03 00:24:16,426 INFO [532/1506] ok WELL-00006_20170828130031.parquet (301 min, 0.0s)
2026-10-03 00:24:16,427 INFO [533/1506] ok WELL-00006_20170828080311.parquet (298 min, 0.0s)
2026-10-03 00:24:16,427 INFO [534/1506] ok WELL-00006_20170828030343.parquet (298 min, 0.0s)
2026-10-03 00:24:16,435 INFO [535/1506] ok WELL-00007_20170801170000.parquet (120 min, 0.0s)
2026-10-03 00:24:16,449 INFO [536/1506] ok WELL-00008_20170611020246.parquet (296 min, 0.0s)
2026-10-03 00:24:16,450 INFO [537/1506] ok WELL-00007_20170801190000.parquet (120 min, 0.0s)
2026-10-03 00:24:16,451 INFO [538/1506] ok WELL-00008_20170610210246.parquet (295 min, 0.0s)
2026-10-03 00:24:16,456 INFO [539/1506] ok WELL-00008_20170611070445.parquet (294 min, 0.0s)
2026-10-03 00:24:16,470 INFO [540/1506] ok WELL-00008_20170611120123.parquet (296 min, 0.0s)
2026-10-03 00:24:16,471 INFO [541/1506] ok WELL-00008_20170611170123.parquet (297 min, 0.0s)
2026-10-03 00:24:16,472 INFO [542/1506] ok WELL-00008_20170611220123.parquet (298 min, 0.0s)
2026-10-03 00:24:16,476 INFO [543/1506] ok WELL-00008_20170612030000.parquet (299 min, 0.0s)
2026-10-03 00:24:16,493 INFO [544/1506] ok WELL-00008_20170612130047.parquet (299 min, 0.0s)
2026-10-03 00:24:16,493 INFO [545/1506] ok WELL-00008_20170612080246.parquet (296 min, 0.0s)
2026-10-03 00:24:16,494 INFO [546/1506] ok WELL-00008_20170612180111.parquet (298 min, 0.0s)
2026-10-03 00:24:16,496 INFO [547/1506] ok WELL-00008_20170612230222.parquet (297 min, 0.0s)
2026-10-03 00:24:16,514 INFO [548/1506] ok WELL-00008_20170613210222.parquet (296 min, 0.0s)
2026-10-03 00:24:16,515 INFO [549/1506] ok WELL-00008_20170614070246.parquet (295 min, 0.0s)
2026-10-03 00:24:16,515 INFO [550/1506] ok WELL-00008_20170614020135.parquet (298 min, 0.0s)
2026-10-03 00:24:16,520 INFO [551/1506] ok WELL-00008_20170614120135.parquet (295 min, 0.0s)
2026-10-03 00:24:16,535 INFO [552/1506] ok WELL-00008_20170614170123.parquet (298 min, 0.0s)
2026-10-03 00:24:16,537 INFO [553/1506] ok WELL-00008_20170614220333.parquet (294 min, 0.0s)
2026-10-03 00:24:16,538 INFO [554/1506] ok WELL-00008_20170615030123.parquet (298 min, 0.0s)
2026-10-03 00:24:16,542 INFO [555/1506] ok WELL-00008_20170615080234.parquet (296 min, 0.0s)
2026-10-03 00:24:16,557 INFO [556/1506] ok WELL-00008_20170615130310.parquet (294 min, 0.0s)
2026-10-03 00:24:16,559 INFO [557/1506] ok WELL-00008_20170629160123.parquet (296 min, 0.0s)
2026-10-03 00:24:16,559 INFO [558/1506] ok WELL-00008_20170615180111.parquet (296 min, 0.0s)
2026-10-03 00:24:16,565 INFO [559/1506] ok WELL-00008_20170629210321.parquet (294 min, 0.0s)
2026-10-03 00:24:16,578 INFO [560/1506] ok WELL-00008_20170630020222.parquet (295 min, 0.0s)
2026-10-03 00:24:16,581 INFO [561/1506] ok WELL-00008_20170630070310.parquet (294 min, 0.0s)
2026-10-03 00:24:16,583 INFO [562/1506] ok WELL-00008_20170630120246.parquet (296 min, 0.0s)
2026-10-03 00:24:16,586 INFO [563/1506] ok WELL-00008_20170630170321.parquet (293 min, 0.0s)
2026-10-03 00:24:16,600 INFO [564/1506] ok WELL-00008_20170630220146.parquet (295 min, 0.0s)
2026-10-03 00:24:16,600 INFO [565/1506] ok WELL-00008_20170701030210.parquet (295 min, 0.0s)
2026-10-03 00:24:16,605 INFO [566/1506] ok WELL-00008_20170701080222.parquet (295 min, 0.0s)
2026-10-03 00:24:16,609 INFO [567/1506] ok WELL-00008_20170701130135.parquet (298 min, 0.0s)
2026-10-03 00:24:16,622 INFO [568/1506] ok WELL-00008_20170701180222.parquet (294 min, 0.0s)
2026-10-03 00:24:16,622 INFO [569/1506] ok WELL-00008_20170701230246.parquet (296 min, 0.0s)
2026-10-03 00:24:16,625 INFO [570/1506] ok WELL-00008_20170702040135.parquet (296 min, 0.0s)
2026-10-03 00:24:16,631 INFO [571/1506] ok WELL-00008_20170702090222.parquet (296 min, 0.0s)
2026-10-03 00:24:16,645 INFO [572/1506] ok WELL-00008_20170702190135.parquet (296 min, 0.0s)
2026-10-03 00:24:16,645 INFO [573/1506] ok WELL-00008_20170702140532.parquet (290 min, 0.0s)
2026-10-03 00:24:16,646 INFO [574/1506] ok WELL-00008_20170703000445.parquet (295 min, 0.0s)
2026-10-03 00:24:16,653 INFO [575/1506] ok WELL-00008_20170703050123.parquet (296 min, 0.0s)
2026-10-03 00:24:16,667 INFO [576/1506] ok WELL-00008_20170816130222.parquet (295 min, 0.0s)
2026-10-03 00:24:16,667 INFO [577/1506] ok WELL-00008_20170816180321.parquet (295 min, 0.0s)
2026-10-03 00:24:16,667 INFO [578/1506] ok WELL-00008_20170816230146.parquet (298 min, 0.0s)
2026-10-03 00:24:16,676 INFO [579/1506] ok WELL-00008_20170817040135.parquet (296 min, 0.0s)
2026-10-03 00:24:16,690 INFO [580/1506] ok WELL-00008_20170817190123.parquet (297 min, 0.0s)
2026-10-03 00:24:16,691 INFO [581/1506] ok WELL-00008_20170817140222.parquet (296 min, 0.0s)
2026-10-03 00:24:16,692 INFO [582/1506] ok WELL-00008_20170817090246.parquet (293 min, 0.0s)
2026-10-03 00:24:16,698 INFO [583/1506] ok WELL-00008_20170818000222.parquet (296 min, 0.0s)
2026-10-03 00:24:16,714 INFO [584/1506] ok WELL-00008_20170818150123.parquet (297 min, 0.0s)
2026-10-03 00:24:16,714 INFO [585/1506] ok WELL-00008_20170818050210.parquet (295 min, 0.0s)
2026-10-03 00:24:16,715 INFO [586/1506] ok WELL-00008_20170818100258.parquet (295 min, 0.0s)
2026-10-03 00:24:16,719 INFO [587/1506] ok WELL-00008_20170818200310.parquet (296 min, 0.0s)
2026-10-03 00:24:16,736 INFO [588/1506] ok WELL-00008_20170819060246.parquet (295 min, 0.0s)
2026-10-03 00:24:16,736 INFO [589/1506] ok WELL-00008_20170819010123.parquet (298 min, 0.0s)
2026-10-03 00:24:16,736 INFO [590/1506] ok WELL-00008_20170819110210.parquet (296 min, 0.0s)
2026-10-03 00:24:16,742 INFO [591/1506] ok WELL-00008_20170914010321.parquet (296 min, 0.0s)
2026-10-03 00:24:16,762 INFO [592/1506] ok WELL-00008_20170914060222.parquet (296 min, 0.0s)
2026-10-03 00:24:16,762 INFO [593/1506] ok WELL-00001_20170316110203.parquet (119 min, 0.0s)
2026-10-03 00:24:16,762 INFO [594/1506] ok WELL-00008_20170914110246.parquet (295 min, 0.0s)
2026-10-03 00:24:16,781 INFO [595/1506] ok WELL-00001_20170316170000.parquet (120 min, 0.0s)
2026-10-03 00:24:16,782 INFO [596/1506] ok WELL-00001_20170316150005.parquet (120 min, 0.0s)
2026-10-03 00:24:16,782 INFO [597/1506] ok WELL-00001_20170316130000.parquet (120 min, 0.0s)
2026-10-03 00:24:16,796 INFO [598/1506] ok WELL-00019_20170307235203.parquet (2328 min, 0.1s)
2026-10-03 00:24:16,801 INFO [599/1506] ok WELL-00001_20170316230000.parquet (120 min, 0.0s)
2026-10-03 00:24:16,802 INFO [600/1506] ok WELL-00001_20170316190000.parquet (120 min, 0.0s)
2026-10-03 00:24:16,802 INFO [601/1506] ok WELL-00001_20170316210000.parquet (120 min, 0.0s)
2026-10-03 00:24:16,820 INFO [602/1506] ok WELL-00001_20170317010000.parquet (120 min, 0.0s)
2026-10-03 00:24:16,821 INFO [603/1506] ok WELL-00001_20170317030000.parquet (120 min, 0.0s)
2026-10-03 00:24:16,821 INFO [604/1506] ok WELL-00001_20170317050000.parquet (120 min, 0.0s)
2026-10-03 00:24:16,822 INFO [605/1506] ok WELL-00001_20170317070000.parquet (120 min, 0.0s)
2026-10-03 00:24:16,839 INFO [606/1506] ok WELL-00001_20170317090000.parquet (120 min, 0.0s)
2026-10-03 00:24:16,840 INFO [607/1506] ok WELL-00001_20170317130005.parquet (120 min, 0.0s)
2026-10-03 00:24:16,844 INFO [608/1506] ok WELL-00001_20170317110000.parquet (120 min, 0.0s)
2026-10-03 00:24:16,844 INFO [609/1506] ok WELL-00001_20170317150000.parquet (120 min, 0.0s)
2026-10-03 00:24:16,860 INFO [610/1506] ok WELL-00001_20170317170000.parquet (120 min, 0.0s)
2026-10-03 00:24:16,860 INFO [611/1506] ok WELL-00001_20170317190000.parquet (120 min, 0.0s)
2026-10-03 00:24:16,864 INFO [612/1506] ok WELL-00001_20170317210000.parquet (120 min, 0.0s)
2026-10-03 00:24:16,865 INFO [613/1506] ok WELL-00001_20170317230020.parquet (121 min, 0.0s)
2026-10-03 00:24:16,879 INFO [614/1506] ok WELL-00001_20170318030000.parquet (120 min, 0.0s)
2026-10-03 00:24:16,880 INFO [615/1506] ok WELL-00001_20170318010000.parquet (120 min, 0.0s)
2026-10-03 00:24:16,883 INFO [616/1506] ok WELL-00001_20170318050025.parquet (121 min, 0.0s)
2026-10-03 00:24:16,884 INFO [617/1506] ok WELL-00001_20170318070000.parquet (120 min, 0.0s)
2026-10-03 00:24:16,900 INFO [618/1506] ok WELL-00001_20170318090000.parquet (120 min, 0.0s)
2026-10-03 00:24:16,900 INFO [619/1506] ok WELL-00001_20170318110000.parquet (120 min, 0.0s)
2026-10-03 00:24:16,902 INFO [620/1506] ok WELL-00001_20170318130000.parquet (120 min, 0.0s)
2026-10-03 00:24:16,904 INFO [621/1506] ok WELL-00001_20170319170033.parquet (120 min, 0.0s)
2026-10-03 00:24:16,919 INFO [622/1506] ok WELL-00001_20170421150000.parquet (120 min, 0.0s)
2026-10-03 00:24:16,921 INFO [623/1506] ok WELL-00001_20170320180146.parquet (177 min, 0.0s)
2026-10-03 00:24:16,922 INFO [624/1506] ok WELL-00001_20170421170000.parquet (120 min, 0.0s)
2026-10-03 00:24:16,929 INFO [625/1506] ok WELL-00001_20170421190000.parquet (120 min, 0.0s)
2026-10-03 00:24:16,938 INFO [626/1506] ok WELL-00001_20170421210000.parquet (120 min, 0.0s)
2026-10-03 00:24:16,943 INFO [627/1506] ok WELL-00001_20170421230000.parquet (119 min, 0.0s)
2026-10-03 00:24:16,943 INFO [628/1506] ok WELL-00001_20170422010000.parquet (120 min, 0.0s)
2026-10-03 00:24:16,950 INFO [629/1506] ok WELL-00001_20170626050000.parquet (120 min, 0.0s)
2026-10-03 00:24:16,960 INFO [630/1506] ok WELL-00001_20170626070000.parquet (120 min, 0.0s)
2026-10-03 00:24:16,965 INFO [631/1506] ok WELL-00002_20131209000000.parquet (120 min, 0.0s)
2026-10-03 00:24:16,966 INFO [632/1506] ok WELL-00002_20131208220000.parquet (120 min, 0.0s)
2026-10-03 00:24:16,973 INFO [633/1506] ok WELL-00002_20131209020000.parquet (120 min, 0.0s)
2026-10-03 00:24:16,982 INFO [634/1506] ok WELL-00002_20131209040000.parquet (120 min, 0.0s)
2026-10-03 00:24:16,986 INFO [635/1506] ok WELL-00002_20131209060000.parquet (120 min, 0.0s)
2026-10-03 00:24:16,987 INFO [636/1506] ok WELL-00002_20131209080000.parquet (120 min, 0.0s)
2026-10-03 00:24:16,997 INFO [637/1506] ok WELL-00002_20131209100000.parquet (120 min, 0.0s)
2026-10-03 00:24:17,003 INFO [638/1506] ok WELL-00002_20131209120000.parquet (120 min, 0.0s)
2026-10-03 00:24:17,004 INFO [639/1506] ok WELL-00002_20131212080000.parquet (120 min, 0.0s)
2026-10-03 00:24:17,008 INFO [640/1506] ok WELL-00002_20131212100000.parquet (120 min, 0.0s)
2026-10-03 00:24:17,017 INFO [641/1506] ok WELL-00002_20131214210010.parquet (121 min, 0.0s)
2026-10-03 00:24:17,024 INFO [642/1506] ok WELL-00002_20131214230010.parquet (121 min, 0.0s)
2026-10-03 00:24:17,025 INFO [643/1506] ok WELL-00002_20131215010010.parquet (121 min, 0.0s)
2026-10-03 00:24:17,030 INFO [644/1506] ok WELL-00002_20131215030036.parquet (121 min, 0.0s)
2026-10-03 00:24:17,040 INFO [645/1506] ok WELL-00002_20131215050030.parquet (121 min, 0.0s)
2026-10-03 00:24:17,044 INFO [646/1506] ok WELL-00002_20131215070015.parquet (121 min, 0.0s)
2026-10-03 00:24:17,047 INFO [647/1506] ok WELL-00002_20131215090025.parquet (121 min, 0.0s)
2026-10-03 00:24:17,052 INFO [648/1506] ok WELL-00002_20131215110025.parquet (121 min, 0.0s)
2026-10-03 00:24:17,060 INFO [649/1506] ok WELL-00002_20131215130036.parquet (121 min, 0.0s)
2026-10-03 00:24:17,068 INFO [650/1506] ok WELL-00002_20131215170101.parquet (120 min, 0.0s)
2026-10-03 00:24:17,068 INFO [651/1506] ok WELL-00002_20131215150122.parquet (120 min, 0.0s)
2026-10-03 00:24:17,072 INFO [652/1506] ok WELL-00002_20131215190132.parquet (120 min, 0.0s)
2026-10-03 00:24:17,081 INFO [653/1506] ok WELL-00002_20131215210107.parquet (120 min, 0.0s)
2026-10-03 00:24:17,088 INFO [654/1506] ok WELL-00002_20140109000112.parquet (120 min, 0.0s)
2026-10-03 00:24:17,088 INFO [655/1506] ok WELL-00002_20140109020025.parquet (121 min, 0.0s)
2026-10-03 00:24:17,091 INFO [656/1506] ok WELL-00002_20140109040025.parquet (121 min, 0.0s)
2026-10-03 00:24:17,102 INFO [657/1506] ok WELL-00002_20140109140010.parquet (121 min, 0.0s)
2026-10-03 00:24:17,109 INFO [658/1506] ok WELL-00002_20140115150010.parquet (121 min, 0.0s)
2026-10-03 00:24:17,109 INFO [659/1506] ok WELL-00002_20140109160010.parquet (121 min, 0.0s)
2026-10-03 00:24:17,111 INFO [660/1506] ok WELL-00002_20140115170036.parquet (121 min, 0.0s)
2026-10-03 00:24:17,122 INFO [661/1506] ok WELL-00002_20140118230030.parquet (121 min, 0.0s)
2026-10-03 00:24:17,130 INFO [662/1506] ok WELL-00002_20140119010020.parquet (121 min, 0.0s)
2026-10-03 00:24:17,130 INFO [663/1506] ok WELL-00002_20140119030025.parquet (121 min, 0.0s)
2026-10-03 00:24:17,133 INFO [664/1506] ok WELL-00002_20140119050010.parquet (121 min, 0.0s)
2026-10-03 00:24:17,143 INFO [665/1506] ok WELL-00002_20140119070138.parquet (120 min, 0.0s)
2026-10-03 00:24:17,150 INFO [666/1506] ok WELL-00002_20140119090112.parquet (120 min, 0.0s)
2026-10-03 00:24:17,150 INFO [667/1506] ok WELL-00002_20140119110010.parquet (121 min, 0.0s)
2026-10-03 00:24:17,152 INFO [668/1506] ok WELL-00002_20140119130010.parquet (121 min, 0.0s)
2026-10-03 00:24:17,163 INFO [669/1506] ok WELL-00002_20140119150112.parquet (120 min, 0.0s)
2026-10-03 00:24:17,169 INFO [670/1506] ok WELL-00002_20140119170015.parquet (121 min, 0.0s)
2026-10-03 00:24:17,170 INFO [671/1506] ok WELL-00002_20140119190132.parquet (120 min, 0.0s)
2026-10-03 00:24:17,172 INFO [672/1506] ok WELL-00002_20140119210015.parquet (121 min, 0.0s)
2026-10-03 00:24:17,185 INFO [673/1506] ok WELL-00002_20140119230030.parquet (121 min, 0.0s)
2026-10-03 00:24:17,189 INFO [674/1506] ok WELL-00002_20140120010025.parquet (121 min, 0.0s)
2026-10-03 00:24:17,190 INFO [675/1506] ok WELL-00002_20140120030132.parquet (120 min, 0.0s)
2026-10-03 00:24:17,190 INFO [676/1506] ok WELL-00002_20140120050203.parquet (119 min, 0.0s)
2026-10-03 00:24:17,203 INFO [677/1506] ok WELL-00002_20140120070122.parquet (120 min, 0.0s)
2026-10-03 00:24:17,210 INFO [678/1506] ok WELL-00002_20140120090010.parquet (121 min, 0.0s)
2026-10-03 00:24:17,211 INFO [679/1506] ok WELL-00002_20140120110234.parquet (119 min, 0.0s)
2026-10-03 00:24:17,213 INFO [680/1506] ok WELL-00002_20140120130224.parquet (119 min, 0.0s)
2026-10-03 00:24:17,225 INFO [681/1506] ok WELL-00002_20140120150112.parquet (120 min, 0.0s)
2026-10-03 00:24:17,230 INFO [682/1506] ok WELL-00002_20140120190122.parquet (120 min, 0.0s)
2026-10-03 00:24:17,230 INFO [683/1506] ok WELL-00002_20140120170010.parquet (121 min, 0.0s)
2026-10-03 00:24:17,232 INFO [684/1506] ok WELL-00002_20140120210036.parquet (121 min, 0.0s)
2026-10-03 00:24:17,244 INFO [685/1506] ok WELL-00002_20140120230224.parquet (119 min, 0.0s)
2026-10-03 00:24:17,247 INFO [686/1506] ok WELL-00002_20140121010056.parquet (121 min, 0.0s)
2026-10-03 00:24:17,250 INFO [687/1506] ok WELL-00002_20140121030030.parquet (121 min, 0.0s)
2026-10-03 00:24:17,250 INFO [688/1506] ok WELL-00002_20140121050010.parquet (121 min, 0.0s)
2026-10-03 00:24:17,263 INFO [689/1506] ok WELL-00002_20140121070214.parquet (119 min, 0.0s)
2026-10-03 00:24:17,264 INFO [690/1506] ok WELL-00002_20140121090056.parquet (121 min, 0.0s)
2026-10-03 00:24:17,269 INFO [691/1506] ok WELL-00002_20140121110117.parquet (120 min, 0.0s)
2026-10-03 00:24:17,269 INFO [692/1506] ok WELL-00002_20140121130132.parquet (120 min, 0.0s)
2026-10-03 00:24:17,283 INFO [693/1506] ok WELL-00002_20140121150025.parquet (121 min, 0.0s)
2026-10-03 00:24:17,285 INFO [694/1506] ok WELL-00002_20140121170219.parquet (119 min, 0.0s)
2026-10-03 00:24:17,288 INFO [695/1506] ok WELL-00002_20140121190234.parquet (119 min, 0.0s)
2026-10-03 00:24:17,294 INFO [696/1506] ok WELL-00002_20140121210041.parquet (121 min, 0.0s)
2026-10-03 00:24:17,303 INFO [697/1506] ok WELL-00002_20140122010051.parquet (121 min, 0.0s)
2026-10-03 00:24:17,303 INFO [698/1506] ok WELL-00002_20140121230117.parquet (120 min, 0.0s)
2026-10-03 00:24:17,308 INFO [699/1506] ok WELL-00002_20140122030046.parquet (121 min, 0.0s)
2026-10-03 00:24:17,314 INFO [700/1506] ok WELL-00002_20140122050010.parquet (121 min, 0.0s)
2026-10-03 00:24:17,323 INFO [701/1506] ok WELL-00002_20140122070127.parquet (120 min, 0.0s)
2026-10-03 00:24:17,325 INFO [702/1506] ok WELL-00002_20140122090112.parquet (120 min, 0.0s)
2026-10-03 00:24:17,328 INFO [703/1506] ok WELL-00002_20140122110030.parquet (121 min, 0.0s)
2026-10-03 00:24:17,335 INFO [704/1506] ok WELL-00002_20140122130015.parquet (121 min, 0.0s)
2026-10-03 00:24:17,343 INFO [705/1506] ok WELL-00002_20140122150127.parquet (120 min, 0.0s)
2026-10-03 00:24:17,346 INFO [706/1506] ok WELL-00002_20140122170112.parquet (120 min, 0.0s)
2026-10-03 00:24:17,348 INFO [707/1506] ok WELL-00002_20140122190127.parquet (120 min, 0.0s)
2026-10-03 00:24:17,354 INFO [708/1506] ok WELL-00002_20140122210153.parquet (120 min, 0.0s)
2026-10-03 00:24:17,361 INFO [709/1506] ok WELL-00002_20140122230051.parquet (121 min, 0.0s)
2026-10-03 00:24:17,367 INFO [710/1506] ok WELL-00002_20140123010219.parquet (119 min, 0.0s)
2026-10-03 00:24:17,367 INFO [711/1506] ok WELL-00002_20140123030132.parquet (120 min, 0.0s)
2026-10-03 00:24:17,374 INFO [712/1506] ok WELL-00002_20140123050030.parquet (121 min, 0.0s)
2026-10-03 00:24:17,381 INFO [713/1506] ok WELL-00002_20140123070010.parquet (121 min, 0.0s)
2026-10-03 00:24:17,386 INFO [714/1506] ok WELL-00002_20140124050010.parquet (121 min, 0.0s)
2026-10-03 00:24:17,387 INFO [715/1506] ok WELL-00002_20140124070020.parquet (121 min, 0.0s)
2026-10-03 00:24:17,393 INFO [716/1506] ok WELL-00002_20140124090054.parquet (121 min, 0.0s)
2026-10-03 00:24:17,400 INFO [717/1506] ok WELL-00002_20140124110131.parquet (120 min, 0.0s)
2026-10-03 00:24:17,405 INFO [718/1506] ok WELL-00002_20140124130041.parquet (121 min, 0.0s)
2026-10-03 00:24:17,407 INFO [719/1506] ok WELL-00002_20140124150018.parquet (121 min, 0.0s)
2026-10-03 00:24:17,413 INFO [720/1506] ok WELL-00002_20140124170136.parquet (120 min, 0.0s)
2026-10-03 00:24:17,419 INFO [721/1506] ok WELL-00002_20140124190008.parquet (121 min, 0.0s)
2026-10-03 00:24:17,425 INFO [722/1506] ok WELL-00002_20140124210029.parquet (121 min, 0.0s)
2026-10-03 00:24:17,426 INFO [723/1506] ok WELL-00002_20140124230055.parquet (121 min, 0.0s)
2026-10-03 00:24:17,434 INFO [724/1506] ok WELL-00002_20140125010016.parquet (121 min, 0.0s)
2026-10-03 00:24:17,437 INFO [725/1506] ok WELL-00002_20140125030033.parquet (121 min, 0.0s)
2026-10-03 00:24:17,446 INFO [726/1506] ok WELL-00002_20140125070141.parquet (120 min, 0.0s)
2026-10-03 00:24:17,447 INFO [727/1506] ok WELL-00002_20140125050245.parquet (119 min, 0.0s)
2026-10-03 00:24:17,457 INFO [728/1506] ok WELL-00002_20140125110016.parquet (121 min, 0.0s)
2026-10-03 00:24:17,457 INFO [729/1506] ok WELL-00002_20140125090025.parquet (121 min, 0.0s)
2026-10-03 00:24:17,466 INFO [730/1506] ok WELL-00002_20140125130107.parquet (120 min, 0.0s)
2026-10-03 00:24:17,467 INFO [731/1506] ok WELL-00002_20140125150112.parquet (120 min, 0.0s)
2026-10-03 00:24:17,476 INFO [732/1506] ok WELL-00002_20140125190016.parquet (121 min, 0.0s)
2026-10-03 00:24:17,476 INFO [733/1506] ok WELL-00002_20140125170107.parquet (120 min, 0.0s)
2026-10-03 00:24:17,487 INFO [734/1506] ok WELL-00002_20140125230059.parquet (121 min, 0.0s)
2026-10-03 00:24:17,487 INFO [735/1506] ok WELL-00002_20140125210046.parquet (121 min, 0.0s)
2026-10-03 00:24:17,496 INFO [736/1506] ok WELL-00002_20140126010016.parquet (121 min, 0.0s)
2026-10-03 00:24:17,496 INFO [737/1506] ok WELL-00002_20140126030133.parquet (120 min, 0.0s)
2026-10-03 00:24:17,505 INFO [738/1506] ok WELL-00002_20140126070146.parquet (120 min, 0.0s)
2026-10-03 00:24:17,507 INFO [739/1506] ok WELL-00002_20140126050141.parquet (120 min, 0.0s)
2026-10-03 00:24:17,514 INFO [740/1506] ok WELL-00002_20140126090141.parquet (120 min, 0.0s)
2026-10-03 00:24:17,517 INFO [741/1506] ok WELL-00002_20140126110241.parquet (119 min, 0.0s)
2026-10-03 00:24:17,524 INFO [742/1506] ok WELL-00002_20140126130124.parquet (120 min, 0.0s)
2026-10-03 00:24:17,527 INFO [743/1506] ok WELL-00004_20140804190012.parquet (121 min, 0.0s)
2026-10-03 00:24:17,535 INFO [744/1506] ok WELL-00004_20140804210008.parquet (121 min, 0.0s)
2026-10-03 00:24:17,535 INFO [745/1506] ok WELL-00004_20140804230059.parquet (121 min, 0.0s)
2026-10-03 00:24:17,543 INFO [746/1506] ok WELL-00004_20140805010033.parquet (121 min, 0.0s)
2026-10-03 00:24:17,547 INFO [747/1506] ok WELL-00004_20140805030025.parquet (121 min, 0.0s)
2026-10-03 00:24:17,554 INFO [748/1506] ok WELL-00004_20140805070029.parquet (121 min, 0.0s)
2026-10-03 00:24:17,555 INFO [749/1506] ok WELL-00004_20140805050008.parquet (121 min, 0.0s)
2026-10-03 00:24:17,562 INFO [750/1506] ok WELL-00004_20140805090050.parquet (121 min, 0.0s)
2026-10-03 00:24:17,566 INFO [751/1506] ok WELL-00004_20140805110107.parquet (120 min, 0.0s)
2026-10-03 00:24:17,573 INFO [752/1506] ok WELL-00004_20140805150150.parquet (120 min, 0.0s)
2026-10-03 00:24:17,575 INFO [753/1506] ok WELL-00004_20140805130016.parquet (121 min, 0.0s)
2026-10-03 00:24:17,584 INFO [754/1506] ok WELL-00004_20140805170137.parquet (120 min, 0.0s)
2026-10-03 00:24:17,585 INFO [755/1506] ok WELL-00004_20140805190046.parquet (121 min, 0.0s)
2026-10-03 00:24:17,593 INFO [756/1506] ok WELL-00004_20140805210116.parquet (120 min, 0.0s)
2026-10-03 00:24:17,596 INFO [757/1506] ok WELL-00004_20140805230050.parquet (121 min, 0.0s)
2026-10-03 00:24:17,604 INFO [758/1506] ok WELL-00004_20140806030012.parquet (121 min, 0.0s)
2026-10-03 00:24:17,605 INFO [759/1506] ok WELL-00004_20140806010107.parquet (120 min, 0.0s)
2026-10-03 00:24:17,613 INFO [760/1506] ok WELL-00004_20140806050141.parquet (120 min, 0.0s)
2026-10-03 00:24:17,615 INFO [761/1506] ok WELL-00004_20140806070215.parquet (119 min, 0.0s)
2026-10-03 00:24:17,622 INFO [762/1506] ok WELL-00004_20140806090103.parquet (120 min, 0.0s)
2026-10-03 00:24:17,626 INFO [763/1506] ok WELL-00004_20140806110038.parquet (121 min, 0.0s)
2026-10-03 00:24:17,632 INFO [764/1506] ok WELL-00004_20140806130050.parquet (121 min, 0.0s)
2026-10-03 00:24:17,633 INFO [765/1506] ok WELL-00004_20140806150154.parquet (120 min, 0.0s)
2026-10-03 00:24:17,643 INFO [766/1506] ok WELL-00004_20140806170008.parquet (121 min, 0.0s)
2026-10-03 00:24:17,645 INFO [767/1506] ok WELL-00004_20140806190021.parquet (121 min, 0.0s)
2026-10-03 00:24:17,653 INFO [768/1506] ok WELL-00004_20141117100021.parquet (121 min, 0.0s)
2026-10-03 00:24:17,654 INFO [769/1506] ok WELL-00004_20141117120029.parquet (121 min, 0.0s)
2026-10-03 00:24:17,663 INFO [770/1506] ok WELL-00004_20141117140055.parquet (121 min, 0.0s)
2026-10-03 00:24:17,667 INFO [771/1506] ok WELL-00004_20141117160116.parquet (120 min, 0.0s)
2026-10-03 00:24:17,672 INFO [772/1506] ok WELL-00004_20141117180021.parquet (121 min, 0.0s)
2026-10-03 00:24:17,674 INFO [773/1506] ok WELL-00004_20141117200021.parquet (121 min, 0.0s)
2026-10-03 00:24:17,684 INFO [774/1506] ok WELL-00004_20141117220046.parquet (121 min, 0.0s)
2026-10-03 00:24:17,686 INFO [775/1506] ok WELL-00004_20141118000042.parquet (121 min, 0.0s)
2026-10-03 00:24:17,694 INFO [776/1506] ok WELL-00004_20141118020016.parquet (121 min, 0.0s)
2026-10-03 00:24:17,697 INFO [777/1506] ok WELL-00004_20141118040012.parquet (121 min, 0.0s)
2026-10-03 00:24:17,704 INFO [778/1506] ok WELL-00004_20141118060038.parquet (121 min, 0.0s)
2026-10-03 00:24:17,705 INFO [779/1506] ok WELL-00004_20141118080038.parquet (120 min, 0.0s)
2026-10-03 00:24:17,715 INFO [780/1506] ok WELL-00004_20141118100025.parquet (121 min, 0.0s)
2026-10-03 00:24:17,716 INFO [781/1506] ok WELL-00004_20141118120050.parquet (121 min, 0.0s)
2026-10-03 00:24:17,723 INFO [782/1506] ok WELL-00004_20141118160016.parquet (121 min, 0.0s)
2026-10-03 00:24:17,724 INFO [783/1506] ok WELL-00004_20141118140107.parquet (120 min, 0.0s)
2026-10-03 00:24:17,736 INFO [784/1506] ok WELL-00004_20141118200016.parquet (121 min, 0.0s)
2026-10-03 00:24:17,737 INFO [785/1506] ok WELL-00004_20141118180124.parquet (120 min, 0.0s)
2026-10-03 00:24:17,744 INFO [786/1506] ok WELL-00005_20170624010016.parquet (121 min, 0.0s)
2026-10-03 00:24:17,744 INFO [787/1506] ok WELL-00005_20170616010033.parquet (121 min, 0.0s)
2026-10-03 00:24:17,756 INFO [788/1506] ok WELL-00005_20170624030025.parquet (121 min, 0.0s)
2026-10-03 00:24:17,758 INFO [789/1506] ok WELL-00005_20170624050038.parquet (121 min, 0.0s)
2026-10-03 00:24:17,763 INFO [790/1506] ok WELL-00005_20170624090042.parquet (121 min, 0.0s)
2026-10-03 00:24:17,765 INFO [791/1506] ok WELL-00005_20170624070158.parquet (120 min, 0.0s)
2026-10-03 00:24:17,777 INFO [792/1506] ok WELL-00005_20170624150124.parquet (119 min, 0.0s)
2026-10-03 00:24:17,777 INFO [793/1506] ok WELL-00005_20170624170016.parquet (121 min, 0.0s)
2026-10-03 00:24:17,782 INFO [794/1506] ok WELL-00005_20170624190107.parquet (120 min, 0.0s)
2026-10-03 00:24:17,787 INFO [795/1506] ok WELL-00005_20170624210033.parquet (121 min, 0.0s)
2026-10-03 00:24:17,797 INFO [796/1506] ok WELL-00005_20170624230038.parquet (121 min, 0.0s)
2026-10-03 00:24:17,800 INFO [797/1506] ok WELL-00005_20170625010059.parquet (121 min, 0.0s)
2026-10-03 00:24:17,801 INFO [798/1506] ok WELL-00005_20170625030228.parquet (119 min, 0.0s)
2026-10-03 00:24:17,807 INFO [799/1506] ok WELL-00005_20170625050103.parquet (120 min, 0.0s)
2026-10-03 00:24:17,819 INFO [800/1506] ok WELL-00005_20170625083000.parquet (120 min, 0.0s)
2026-10-03 00:24:17,820 INFO [801/1506] ok WELL-00005_20170625123000.parquet (120 min, 0.0s)
2026-10-03 00:24:17,822 INFO [802/1506] ok WELL-00005_20170625103000.parquet (120 min, 0.0s)
2026-10-03 00:24:17,827 INFO [803/1506] ok WELL-00005_20170626040116.parquet (120 min, 0.0s)
2026-10-03 00:24:17,838 INFO [804/1506] ok WELL-00005_20170626060033.parquet (121 min, 0.0s)
2026-10-03 00:24:17,840 INFO [805/1506] ok WELL-00005_20170626080055.parquet (121 min, 0.0s)
2026-10-03 00:24:17,841 INFO [806/1506] ok WELL-00005_20170626100038.parquet (121 min, 0.0s)
2026-10-03 00:24:17,846 INFO [807/1506] ok WELL-00005_20170626120016.parquet (121 min, 0.0s)
2026-10-03 00:24:17,861 INFO [808/1506] ok WELL-00005_20170626160050.parquet (121 min, 0.0s)
2026-10-03 00:24:17,861 INFO [809/1506] ok WELL-00005_20170626180016.parquet (121 min, 0.0s)
2026-10-03 00:24:17,861 INFO [810/1506] ok WELL-00005_20170626140141.parquet (120 min, 0.0s)
2026-10-03 00:24:17,865 INFO [811/1506] ok WELL-00005_20170626200059.parquet (121 min, 0.0s)
2026-10-03 00:24:17,880 INFO [812/1506] ok WELL-00005_20170626220232.parquet (119 min, 0.0s)
2026-10-03 00:24:17,880 INFO [813/1506] ok WELL-00005_20170627000154.parquet (120 min, 0.0s)
2026-10-03 00:24:17,882 INFO [814/1506] ok WELL-00005_20170627020207.parquet (119 min, 0.0s)
2026-10-03 00:24:17,883 INFO [815/1506] ok WELL-00005_20170627040046.parquet (121 min, 0.0s)
2026-10-03 00:24:17,900 INFO [816/1506] ok WELL-00005_20170627080025.parquet (121 min, 0.0s)
2026-10-03 00:24:17,900 INFO [817/1506] ok WELL-00005_20170627060050.parquet (121 min, 0.0s)
2026-10-03 00:24:17,901 INFO [818/1506] ok WELL-00005_20170627100055.parquet (121 min, 0.0s)
2026-10-03 00:24:17,905 INFO [819/1506] ok WELL-00005_20170627120016.parquet (121 min, 0.0s)
2026-10-03 00:24:17,919 INFO [820/1506] ok WELL-00005_20170627140050.parquet (121 min, 0.0s)
2026-10-03 00:24:17,919 INFO [821/1506] ok WELL-00005_20170627160112.parquet (120 min, 0.0s)
2026-10-03 00:24:17,919 INFO [822/1506] ok WELL-00005_20170627180112.parquet (120 min, 0.0s)
2026-10-03 00:24:17,924 INFO [823/1506] ok WELL-00005_20170627200038.parquet (121 min, 0.0s)
2026-10-03 00:24:17,939 INFO [824/1506] ok WELL-00007_20170517200012.parquet (121 min, 0.0s)
2026-10-03 00:24:17,939 INFO [825/1506] ok WELL-00007_20170517220025.parquet (121 min, 0.0s)
2026-10-03 00:24:17,939 INFO [826/1506] ok WELL-00007_20170518000012.parquet (121 min, 0.0s)
2026-10-03 00:24:17,945 INFO [827/1506] ok WELL-00007_20170518020016.parquet (121 min, 0.0s)
2026-10-03 00:24:17,960 INFO [828/1506] ok WELL-00007_20170518080021.parquet (121 min, 0.0s)
2026-10-03 00:24:17,960 INFO [829/1506] ok WELL-00007_20170518060124.parquet (120 min, 0.0s)
2026-10-03 00:24:17,963 INFO [830/1506] ok WELL-00007_20170518040016.parquet (121 min, 0.0s)
2026-10-03 00:24:17,969 INFO [831/1506] ok WELL-00007_20170518100129.parquet (120 min, 0.0s)
2026-10-03 00:24:17,980 INFO [832/1506] ok WELL-00007_20170518140021.parquet (121 min, 0.0s)
2026-10-03 00:24:17,980 INFO [833/1506] ok WELL-00007_20170518120103.parquet (120 min, 0.0s)
2026-10-03 00:24:17,982 INFO [834/1506] ok WELL-00010_20180416070150.parquet (120 min, 0.0s)
2026-10-03 00:24:17,989 INFO [835/1506] ok WELL-00010_20180416090133.parquet (120 min, 0.0s)
2026-10-03 00:24:18,000 INFO [836/1506] ok WELL-00010_20180416130038.parquet (121 min, 0.0s)
2026-10-03 00:24:18,000 INFO [837/1506] ok WELL-00010_20180416110120.parquet (120 min, 0.0s)
2026-10-03 00:24:18,002 INFO [838/1506] ok WELL-00010_20180416150107.parquet (120 min, 0.0s)
2026-10-03 00:24:18,009 INFO [839/1506] ok WELL-00010_20180416170029.parquet (121 min, 0.0s)
2026-10-03 00:24:18,022 INFO [840/1506] ok WELL-00010_20180416210141.parquet (120 min, 0.0s)
2026-10-03 00:24:18,022 INFO [841/1506] ok WELL-00010_20180416190008.parquet (121 min, 0.0s)
2026-10-03 00:24:18,022 INFO [842/1506] ok WELL-00010_20180416230055.parquet (121 min, 0.0s)
2026-10-03 00:24:18,032 INFO [843/1506] ok WELL-00010_20180417010107.parquet (120 min, 0.0s)
2026-10-03 00:24:18,043 INFO [844/1506] ok WELL-00010_20180417030033.parquet (121 min, 0.0s)
2026-10-03 00:24:18,044 INFO [845/1506] ok WELL-00010_20180417050046.parquet (121 min, 0.0s)
2026-10-03 00:24:18,044 INFO [846/1506] ok WELL-00010_20180422170012.parquet (121 min, 0.0s)
2026-10-03 00:24:18,053 INFO [847/1506] ok WELL-00010_20180422190158.parquet (120 min, 0.0s)
2026-10-03 00:24:18,064 INFO [848/1506] ok WELL-00010_20180423010129.parquet (120 min, 0.0s)
2026-10-03 00:24:18,065 INFO [849/1506] ok WELL-00010_20180422210038.parquet (121 min, 0.0s)
2026-10-03 00:24:18,065 INFO [850/1506] ok WELL-00010_20180422230029.parquet (121 min, 0.0s)
2026-10-03 00:24:18,074 INFO [851/1506] ok WELL-00010_20180423030021.parquet (121 min, 0.0s)
2026-10-03 00:24:18,083 INFO [852/1506] ok WELL-00010_20180423070107.parquet (120 min, 0.0s)
2026-10-03 00:24:18,083 INFO [853/1506] ok WELL-00010_20180423050353.parquet (118 min, 0.0s)
2026-10-03 00:24:18,084 INFO [854/1506] ok WELL-00010_20180423090050.parquet (121 min, 0.0s)
2026-10-03 00:24:18,093 INFO [855/1506] ok WELL-00010_20180423110112.parquet (120 min, 0.0s)
2026-10-03 00:24:18,103 INFO [856/1506] ok WELL-00010_20180423150129.parquet (120 min, 0.0s)
2026-10-03 00:24:18,104 INFO [857/1506] ok WELL-00010_20180423170042.parquet (121 min, 0.0s)
2026-10-03 00:24:18,104 INFO [858/1506] ok WELL-00010_20180423130025.parquet (121 min, 0.0s)
2026-10-03 00:24:18,113 INFO [859/1506] ok WELL-00010_20180423190021.parquet (121 min, 0.0s)
2026-10-03 00:24:18,123 INFO [860/1506] ok WELL-00010_20180423210016.parquet (121 min, 0.0s)
2026-10-03 00:24:18,123 INFO [861/1506] ok WELL-00010_20180423230033.parquet (121 min, 0.0s)
2026-10-03 00:24:18,123 INFO [862/1506] ok WELL-00010_20180424010059.parquet (121 min, 0.0s)
2026-10-03 00:24:18,135 INFO [863/1506] ok WELL-00010_20180424030012.parquet (121 min, 0.0s)
2026-10-03 00:24:18,143 INFO [864/1506] ok WELL-00010_20180424070107.parquet (119 min, 0.0s)
2026-10-03 00:24:18,143 INFO [865/1506] ok WELL-00010_20180424090046.parquet (121 min, 0.0s)
2026-10-03 00:24:18,146 INFO [866/1506] ok WELL-00010_20180424050029.parquet (121 min, 0.0s)
2026-10-03 00:24:18,155 INFO [867/1506] ok WELL-00010_20180424110050.parquet (119 min, 0.0s)
2026-10-03 00:24:18,163 INFO [868/1506] ok WELL-00010_20180424130033.parquet (118 min, 0.0s)
2026-10-03 00:24:18,163 INFO [869/1506] ok WELL-00010_20180424150129.parquet (120 min, 0.0s)
2026-10-03 00:24:18,165 INFO [870/1506] ok WELL-00010_20180424170033.parquet (121 min, 0.0s)
2026-10-03 00:24:18,176 INFO [871/1506] ok WELL-00010_20180424190133.parquet (120 min, 0.0s)
2026-10-03 00:24:18,182 INFO [872/1506] ok WELL-00010_20180424210211.parquet (119 min, 0.0s)
2026-10-03 00:24:18,183 INFO [873/1506] ok WELL-00010_20180424230232.parquet (119 min, 0.0s)
2026-10-03 00:24:18,184 INFO [874/1506] ok WELL-00010_20180425010050.parquet (121 min, 0.0s)
2026-10-03 00:24:18,196 INFO [875/1506] ok WELL-00010_20180425030224.parquet (119 min, 0.0s)
2026-10-03 00:24:18,202 INFO [876/1506] ok WELL-00010_20180425070141.parquet (120 min, 0.0s)
2026-10-03 00:24:18,204 INFO [877/1506] ok WELL-00010_20180425050158.parquet (120 min, 0.0s)
2026-10-03 00:24:18,204 INFO [878/1506] ok WELL-00010_20180425090033.parquet (121 min, 0.0s)
2026-10-03 00:24:18,214 INFO [879/1506] ok WELL-00010_20180425110029.parquet (121 min, 0.0s)
2026-10-03 00:24:18,222 INFO [880/1506] ok WELL-00010_20180425170046.parquet (121 min, 0.0s)
2026-10-03 00:24:18,224 INFO [881/1506] ok WELL-00010_20180425150107.parquet (120 min, 0.0s)
2026-10-03 00:24:18,224 INFO [882/1506] ok WELL-00010_20180425130016.parquet (121 min, 0.0s)
2026-10-03 00:24:18,236 INFO [883/1506] ok WELL-00010_20180425190116.parquet (120 min, 0.0s)
2026-10-03 00:24:18,242 INFO [884/1506] ok WELL-00010_20180425230124.parquet (120 min, 0.0s)
2026-10-03 00:24:18,242 INFO [885/1506] ok WELL-00010_20180426010124.parquet (120 min, 0.0s)
2026-10-03 00:24:18,243 INFO [886/1506] ok WELL-00010_20180425210046.parquet (121 min, 0.0s)
2026-10-03 00:24:18,255 INFO [887/1506] ok WELL-00010_20180426030033.parquet (121 min, 0.0s)
2026-10-03 00:24:18,261 INFO [888/1506] ok WELL-00010_20180426050029.parquet (121 min, 0.0s)
2026-10-03 00:24:18,261 INFO [889/1506] ok WELL-00010_20180426090042.parquet (121 min, 0.0s)
2026-10-03 00:24:18,262 INFO [890/1506] ok WELL-00010_20180426070025.parquet (121 min, 0.0s)
2026-10-03 00:24:18,274 INFO [891/1506] ok WELL-00010_20180426110107.parquet (120 min, 0.0s)
2026-10-03 00:24:18,280 INFO [892/1506] ok WELL-00010_20180426150008.parquet (121 min, 0.0s)
2026-10-03 00:24:18,280 INFO [893/1506] ok WELL-00010_20180426130141.parquet (120 min, 0.0s)
2026-10-03 00:24:18,281 INFO [894/1506] ok WELL-00010_20180426170103.parquet (120 min, 0.0s)
2026-10-03 00:24:18,300 INFO [895/1506] ok WELL-00010_20180426190107.parquet (120 min, 0.0s)
2026-10-03 00:24:18,302 INFO [896/1506] ok WELL-00010_20180426210116.parquet (120 min, 0.0s)
2026-10-03 00:24:18,303 INFO [897/1506] ok WELL-00010_20180426230008.parquet (121 min, 0.0s)
2026-10-03 00:24:18,305 INFO [898/1506] ok WELL-00010_20180427010029.parquet (120 min, 0.0s)
2026-10-03 00:24:18,321 INFO [899/1506] ok WELL-00010_20180427050042.parquet (121 min, 0.0s)
2026-10-03 00:24:18,321 INFO [900/1506] ok WELL-00010_20180427070107.parquet (120 min, 0.0s)
2026-10-03 00:24:18,323 INFO [901/1506] ok WELL-00010_20180427030025.parquet (121 min, 0.0s)
2026-10-03 00:24:18,323 INFO [902/1506] ok WELL-00010_20180427090107.parquet (120 min, 0.0s)
2026-10-03 00:24:18,341 INFO [903/1506] ok WELL-00010_20180427130112.parquet (120 min, 0.0s)
2026-10-03 00:24:18,341 INFO [904/1506] ok WELL-00010_20180427110016.parquet (121 min, 0.0s)
2026-10-03 00:24:18,341 INFO [905/1506] ok WELL-00010_20180427170042.parquet (121 min, 0.0s)
2026-10-03 00:24:18,342 INFO [906/1506] ok WELL-00010_20180427150025.parquet (121 min, 0.0s)
2026-10-03 00:24:18,359 INFO [907/1506] ok WELL-00010_20180427210055.parquet (121 min, 0.0s)
2026-10-03 00:24:18,360 INFO [908/1506] ok WELL-00010_20180427190340.parquet (118 min, 0.0s)
2026-10-03 00:24:18,360 INFO [909/1506] ok WELL-00010_20180427230016.parquet (121 min, 0.0s)
2026-10-03 00:24:18,360 INFO [910/1506] ok WELL-00010_20180428010211.parquet (119 min, 0.0s)
2026-10-03 00:24:18,378 INFO [911/1506] ok WELL-00010_20180428030137.parquet (120 min, 0.0s)
2026-10-03 00:24:18,378 INFO [912/1506] ok WELL-00010_20180428050033.parquet (121 min, 0.0s)
2026-10-03 00:24:18,379 INFO [913/1506] ok WELL-00010_20180428070033.parquet (121 min, 0.0s)
2026-10-03 00:24:18,379 INFO [914/1506] ok WELL-00010_20180428090116.parquet (120 min, 0.0s)
2026-10-03 00:24:18,397 INFO [915/1506] ok WELL-00010_20180428130249.parquet (119 min, 0.0s)
2026-10-03 00:24:18,397 INFO [916/1506] ok WELL-00010_20180428110207.parquet (119 min, 0.0s)
2026-10-03 00:24:18,397 INFO [917/1506] ok WELL-00014_20170915100033.parquet (121 min, 0.0s)
2026-10-03 00:24:18,399 INFO [918/1506] ok WELL-00014_20170915080021.parquet (121 min, 0.0s)
2026-10-03 00:24:18,416 INFO [919/1506] ok WELL-00014_20170915120107.parquet (120 min, 0.0s)
2026-10-03 00:24:18,416 INFO [920/1506] ok WELL-00014_20170915160012.parquet (121 min, 0.0s)
2026-10-03 00:24:18,418 INFO [921/1506] ok WELL-00014_20170915140059.parquet (121 min, 0.0s)
2026-10-03 00:24:18,418 INFO [922/1506] ok WELL-00014_20170915180050.parquet (121 min, 0.0s)
2026-10-03 00:24:18,437 INFO [923/1506] ok WELL-00014_20170916210059.parquet (121 min, 0.0s)
2026-10-03 00:24:18,437 INFO [924/1506] ok WELL-00014_20170916170016.parquet (121 min, 0.0s)
2026-10-03 00:24:18,438 INFO [925/1506] ok WELL-00014_20170915200116.parquet (120 min, 0.0s)
2026-10-03 00:24:18,439 INFO [926/1506] ok WELL-00014_20170916190112.parquet (120 min, 0.0s)
2026-10-03 00:24:18,461 INFO [927/1506] ok WELL-00014_20170917030228.parquet (119 min, 0.0s)
2026-10-03 00:24:18,461 INFO [928/1506] ok WELL-00014_20170917010012.parquet (119 min, 0.0s)
2026-10-03 00:24:18,461 INFO [929/1506] ok WELL-00014_20170916230042.parquet (121 min, 0.0s)
2026-10-03 00:24:18,466 INFO [930/1506] ok WELL-00014_20170917050111.parquet (118 min, 0.0s)
2026-10-03 00:24:18,480 INFO [931/1506] ok WELL-00014_20170917070112.parquet (120 min, 0.0s)
2026-10-03 00:24:18,480 INFO [932/1506] ok WELL-00014_20170917110016.parquet (120 min, 0.0s)
2026-10-03 00:24:18,482 INFO [933/1506] ok WELL-00014_20170917090055.parquet (121 min, 0.0s)
2026-10-03 00:24:18,487 INFO [934/1506] ok WELL-00014_20170923150033.parquet (121 min, 0.0s)
2026-10-03 00:24:18,500 INFO [935/1506] ok WELL-00014_20170923190120.parquet (120 min, 0.0s)
2026-10-03 00:24:18,500 INFO [936/1506] ok WELL-00014_20170923170059.parquet (121 min, 0.0s)
2026-10-03 00:24:18,501 INFO [937/1506] ok WELL-00014_20170924160050.parquet (121 min, 0.0s)
2026-10-03 00:24:18,511 INFO [938/1506] ok SIMULATED_00001.parquet (451 min, 0.0s)
2026-10-03 00:24:18,526 INFO [939/1506] ok SIMULATED_00002.parquet (451 min, 0.0s)
2026-10-03 00:24:18,526 INFO [940/1506] ok SIMULATED_00003.parquet (451 min, 0.0s)
2026-10-03 00:24:18,527 INFO [941/1506] ok SIMULATED_00004.parquet (451 min, 0.0s)
2026-10-03 00:24:18,539 INFO [942/1506] ok SIMULATED_00005.parquet (451 min, 0.0s)
2026-10-03 00:24:18,554 INFO [943/1506] ok SIMULATED_00006.parquet (451 min, 0.0s)
2026-10-03 00:24:18,556 INFO [944/1506] ok SIMULATED_00008.parquet (451 min, 0.0s)
2026-10-03 00:24:18,558 INFO [945/1506] ok SIMULATED_00007.parquet (451 min, 0.0s)
2026-10-03 00:24:18,566 INFO [946/1506] ok SIMULATED_00009.parquet (451 min, 0.0s)
2026-10-03 00:24:18,584 INFO [947/1506] ok SIMULATED_00012.parquet (451 min, 0.0s)
2026-10-03 00:24:18,585 INFO [948/1506] ok SIMULATED_00010.parquet (451 min, 0.0s)
2026-10-03 00:24:18,586 INFO [949/1506] ok SIMULATED_00011.parquet (451 min, 0.0s)
2026-10-03 00:24:18,594 INFO [950/1506] ok SIMULATED_00013.parquet (451 min, 0.0s)
2026-10-03 00:24:18,610 INFO [951/1506] ok SIMULATED_00014.parquet (451 min, 0.0s)
2026-10-03 00:24:18,611 INFO [952/1506] ok SIMULATED_00015.parquet (451 min, 0.0s)
2026-10-03 00:24:18,612 INFO [953/1506] ok SIMULATED_00016.parquet (451 min, 0.0s)
2026-10-03 00:24:18,620 INFO [954/1506] ok SIMULATED_00017.parquet (451 min, 0.0s)
2026-10-03 00:24:18,634 INFO [955/1506] ok SIMULATED_00018.parquet (451 min, 0.0s)
2026-10-03 00:24:18,638 INFO [956/1506] ok SIMULATED_00019.parquet (451 min, 0.0s)
2026-10-03 00:24:18,638 INFO [957/1506] ok SIMULATED_00020.parquet (451 min, 0.0s)
2026-10-03 00:24:18,646 INFO [958/1506] ok SIMULATED_00021.parquet (451 min, 0.0s)
2026-10-03 00:24:18,661 INFO [959/1506] ok SIMULATED_00022.parquet (451 min, 0.0s)
2026-10-03 00:24:18,664 INFO [960/1506] ok SIMULATED_00024.parquet (451 min, 0.0s)
2026-10-03 00:24:18,664 INFO [961/1506] ok SIMULATED_00023.parquet (451 min, 0.0s)
2026-10-03 00:24:18,672 INFO [962/1506] ok SIMULATED_00025.parquet (451 min, 0.0s)
2026-10-03 00:24:18,686 INFO [963/1506] ok SIMULATED_00026.parquet (451 min, 0.0s)
2026-10-03 00:24:18,688 INFO [964/1506] ok SIMULATED_00027.parquet (451 min, 0.0s)
2026-10-03 00:24:18,689 INFO [965/1506] ok SIMULATED_00028.parquet (451 min, 0.0s)
2026-10-03 00:24:18,698 INFO [966/1506] ok SIMULATED_00029.parquet (451 min, 0.0s)
2026-10-03 00:24:18,709 INFO [967/1506] ok SIMULATED_00030.parquet (451 min, 0.0s)
2026-10-03 00:24:18,712 INFO [968/1506] ok SIMULATED_00031.parquet (451 min, 0.0s)
2026-10-03 00:24:18,713 INFO [969/1506] ok SIMULATED_00032.parquet (451 min, 0.0s)
2026-10-03 00:24:18,724 INFO [970/1506] ok SIMULATED_00033.parquet (451 min, 0.0s)
2026-10-03 00:24:18,735 INFO [971/1506] ok SIMULATED_00034.parquet (451 min, 0.0s)
2026-10-03 00:24:18,738 INFO [972/1506] ok SIMULATED_00036.parquet (451 min, 0.0s)
2026-10-03 00:24:18,738 INFO [973/1506] ok SIMULATED_00035.parquet (451 min, 0.0s)
2026-10-03 00:24:18,750 INFO [974/1506] ok SIMULATED_00037.parquet (450 min, 0.0s)
2026-10-03 00:24:18,759 INFO [975/1506] ok SIMULATED_00038.parquet (451 min, 0.0s)
2026-10-03 00:24:18,764 INFO [976/1506] ok SIMULATED_00039.parquet (451 min, 0.0s)
2026-10-03 00:24:18,764 INFO [977/1506] ok SIMULATED_00040.parquet (451 min, 0.0s)
2026-10-03 00:24:18,776 INFO [978/1506] ok SIMULATED_00041.parquet (451 min, 0.0s)
2026-10-03 00:24:18,784 INFO [979/1506] ok SIMULATED_00042.parquet (451 min, 0.0s)
2026-10-03 00:24:18,789 INFO [980/1506] ok SIMULATED_00043.parquet (451 min, 0.0s)
2026-10-03 00:24:18,789 INFO [981/1506] ok SIMULATED_00044.parquet (451 min, 0.0s)
2026-10-03 00:24:18,802 INFO [982/1506] ok SIMULATED_00045.parquet (451 min, 0.0s)
2026-10-03 00:24:18,812 INFO [983/1506] ok SIMULATED_00046.parquet (451 min, 0.0s)
2026-10-03 00:24:18,813 INFO [984/1506] ok SIMULATED_00047.parquet (451 min, 0.0s)
2026-10-03 00:24:18,816 INFO [985/1506] ok SIMULATED_00048.parquet (451 min, 0.0s)
2026-10-03 00:24:18,827 INFO [986/1506] ok SIMULATED_00049.parquet (451 min, 0.0s)
2026-10-03 00:24:18,839 INFO [987/1506] ok SIMULATED_00051.parquet (451 min, 0.0s)
2026-10-03 00:24:18,841 INFO [988/1506] ok SIMULATED_00050.parquet (451 min, 0.0s)
2026-10-03 00:24:18,844 INFO [989/1506] ok SIMULATED_00052.parquet (451 min, 0.0s)
2026-10-03 00:24:18,855 INFO [990/1506] ok SIMULATED_00053.parquet (451 min, 0.0s)
2026-10-03 00:24:18,863 INFO [991/1506] ok SIMULATED_00054.parquet (451 min, 0.0s)
2026-10-03 00:24:18,866 INFO [992/1506] ok SIMULATED_00055.parquet (451 min, 0.0s)
2026-10-03 00:24:18,869 INFO [993/1506] ok SIMULATED_00056.parquet (451 min, 0.0s)
2026-10-03 00:24:18,880 INFO [994/1506] ok SIMULATED_00057.parquet (451 min, 0.0s)
2026-10-03 00:24:18,890 INFO [995/1506] ok SIMULATED_00058.parquet (451 min, 0.0s)
2026-10-03 00:24:18,891 INFO [996/1506] ok SIMULATED_00059.parquet (451 min, 0.0s)
2026-10-03 00:24:18,896 INFO [997/1506] ok SIMULATED_00060.parquet (451 min, 0.0s)
2026-10-03 00:24:18,906 INFO [998/1506] ok SIMULATED_00061.parquet (451 min, 0.0s)
2026-10-03 00:24:18,921 INFO [999/1506] ok SIMULATED_00062.parquet (451 min, 0.0s)
2026-10-03 00:24:18,922 INFO [1000/1506] ok SIMULATED_00063.parquet (451 min, 0.0s)
2026-10-03 00:24:18,923 INFO [1001/1506] ok SIMULATED_00064.parquet (451 min, 0.0s)
2026-10-03 00:24:18,933 INFO [1002/1506] ok SIMULATED_00065.parquet (451 min, 0.0s)
2026-10-03 00:24:18,946 INFO [1003/1506] ok SIMULATED_00066.parquet (451 min, 0.0s)
2026-10-03 00:24:18,948 INFO [1004/1506] ok SIMULATED_00067.parquet (451 min, 0.0s)
2026-10-03 00:24:18,948 INFO [1005/1506] ok SIMULATED_00068.parquet (451 min, 0.0s)
2026-10-03 00:24:18,959 INFO [1006/1506] ok SIMULATED_00069.parquet (451 min, 0.0s)
2026-10-03 00:24:18,974 INFO [1007/1506] ok SIMULATED_00071.parquet (451 min, 0.0s)
2026-10-03 00:24:18,974 INFO [1008/1506] ok SIMULATED_00072.parquet (451 min, 0.0s)
2026-10-03 00:24:18,975 INFO [1009/1506] ok SIMULATED_00070.parquet (451 min, 0.0s)
2026-10-03 00:24:18,985 INFO [1010/1506] ok SIMULATED_00073.parquet (451 min, 0.0s)
2026-10-03 00:24:18,999 INFO [1011/1506] ok SIMULATED_00074.parquet (451 min, 0.0s)
2026-10-03 00:24:19,000 INFO [1012/1506] ok SIMULATED_00076.parquet (451 min, 0.0s)
2026-10-03 00:24:19,001 INFO [1013/1506] ok SIMULATED_00075.parquet (451 min, 0.0s)
2026-10-03 00:24:19,015 INFO [1014/1506] ok SIMULATED_00077.parquet (451 min, 0.0s)
2026-10-03 00:24:19,026 INFO [1015/1506] ok SIMULATED_00078.parquet (451 min, 0.0s)
2026-10-03 00:24:19,029 INFO [1016/1506] ok SIMULATED_00080.parquet (451 min, 0.0s)
2026-10-03 00:24:19,029 INFO [1017/1506] ok SIMULATED_00079.parquet (451 min, 0.0s)
2026-10-03 00:24:19,043 INFO [1018/1506] ok SIMULATED_00081.parquet (451 min, 0.0s)
2026-10-03 00:24:19,056 INFO [1019/1506] ok SIMULATED_00082.parquet (451 min, 0.0s)
2026-10-03 00:24:19,057 INFO [1020/1506] ok SIMULATED_00083.parquet (451 min, 0.0s)
2026-10-03 00:24:19,059 INFO [1021/1506] ok SIMULATED_00084.parquet (451 min, 0.0s)
2026-10-03 00:24:19,071 INFO [1022/1506] ok SIMULATED_00085.parquet (451 min, 0.0s)
2026-10-03 00:24:19,080 INFO [1023/1506] ok SIMULATED_00086.parquet (451 min, 0.0s)
2026-10-03 00:24:19,087 INFO [1024/1506] ok SIMULATED_00087.parquet (451 min, 0.0s)
2026-10-03 00:24:19,087 INFO [1025/1506] ok SIMULATED_00088.parquet (451 min, 0.0s)
2026-10-03 00:24:19,099 INFO [1026/1506] ok SIMULATED_00089.parquet (451 min, 0.0s)
2026-10-03 00:24:19,107 INFO [1027/1506] ok SIMULATED_00090.parquet (451 min, 0.0s)
2026-10-03 00:24:19,115 INFO [1028/1506] ok SIMULATED_00092.parquet (451 min, 0.0s)
2026-10-03 00:24:19,116 INFO [1029/1506] ok SIMULATED_00091.parquet (451 min, 0.0s)
2026-10-03 00:24:19,127 INFO [1030/1506] ok SIMULATED_00093.parquet (451 min, 0.0s)
2026-10-03 00:24:19,135 INFO [1031/1506] ok SIMULATED_00094.parquet (451 min, 0.0s)
2026-10-03 00:24:19,140 INFO [1032/1506] ok SIMULATED_00095.parquet (451 min, 0.0s)
2026-10-03 00:24:19,144 INFO [1033/1506] ok SIMULATED_00096.parquet (451 min, 0.0s)
2026-10-03 00:24:19,154 INFO [1034/1506] ok SIMULATED_00097.parquet (451 min, 0.0s)
2026-10-03 00:24:19,161 INFO [1035/1506] ok SIMULATED_00098.parquet (451 min, 0.0s)
2026-10-03 00:24:19,165 INFO [1036/1506] ok SIMULATED_00099.parquet (451 min, 0.0s)
2026-10-03 00:24:19,172 INFO [1037/1506] ok SIMULATED_00100.parquet (451 min, 0.0s)
2026-10-03 00:24:19,180 INFO [1038/1506] ok SIMULATED_00101.parquet (451 min, 0.0s)
2026-10-03 00:24:19,187 INFO [1039/1506] ok SIMULATED_00102.parquet (451 min, 0.0s)
2026-10-03 00:24:19,191 INFO [1040/1506] ok SIMULATED_00103.parquet (451 min, 0.0s)
2026-10-03 00:24:19,197 INFO [1041/1506] ok SIMULATED_00104.parquet (451 min, 0.0s)
2026-10-03 00:24:19,205 INFO [1042/1506] ok SIMULATED_00105.parquet (451 min, 0.0s)
2026-10-03 00:24:19,212 INFO [1043/1506] ok SIMULATED_00106.parquet (450 min, 0.0s)
2026-10-03 00:24:19,217 INFO [1044/1506] ok SIMULATED_00107.parquet (451 min, 0.0s)
2026-10-03 00:24:19,222 INFO [1045/1506] ok SIMULATED_00108.parquet (451 min, 0.0s)
2026-10-03 00:24:19,233 INFO [1046/1506] ok SIMULATED_00109.parquet (451 min, 0.0s)
2026-10-03 00:24:19,238 INFO [1047/1506] ok SIMULATED_00110.parquet (451 min, 0.0s)
2026-10-03 00:24:19,245 INFO [1048/1506] ok SIMULATED_00111.parquet (451 min, 0.0s)
2026-10-03 00:24:19,249 INFO [1049/1506] ok SIMULATED_00112.parquet (451 min, 0.0s)
2026-10-03 00:24:19,261 INFO [1050/1506] ok SIMULATED_00113.parquet (451 min, 0.0s)
2026-10-03 00:24:19,264 INFO [1051/1506] ok SIMULATED_00114.parquet (451 min, 0.0s)
2026-10-03 00:24:19,269 INFO [1052/1506] ok SIMULATED_00115.parquet (451 min, 0.0s)
2026-10-03 00:24:19,276 INFO [1053/1506] ok SIMULATED_00116.parquet (451 min, 0.0s)
2026-10-03 00:24:19,285 INFO [1054/1506] ok SIMULATED_00117.parquet (451 min, 0.0s)
2026-10-03 00:24:19,289 INFO [1055/1506] ok SIMULATED_00118.parquet (451 min, 0.0s)
2026-10-03 00:24:19,295 INFO [1056/1506] ok SIMULATED_00119.parquet (451 min, 0.0s)
2026-10-03 00:24:19,302 INFO [1057/1506] ok SIMULATED_00120.parquet (451 min, 0.0s)
2026-10-03 00:24:19,313 INFO [1058/1506] ok SIMULATED_00121.parquet (451 min, 0.0s)
2026-10-03 00:24:19,318 INFO [1059/1506] ok SIMULATED_00122.parquet (451 min, 0.0s)
2026-10-03 00:24:19,322 INFO [1060/1506] ok SIMULATED_00123.parquet (451 min, 0.0s)
2026-10-03 00:24:19,328 INFO [1061/1506] ok SIMULATED_00124.parquet (451 min, 0.0s)
2026-10-03 00:24:19,338 INFO [1062/1506] ok SIMULATED_00125.parquet (451 min, 0.0s)
2026-10-03 00:24:19,344 INFO [1063/1506] ok SIMULATED_00126.parquet (451 min, 0.0s)
2026-10-03 00:24:19,350 INFO [1064/1506] ok SIMULATED_00127.parquet (451 min, 0.0s)
2026-10-03 00:24:19,354 INFO [1065/1506] ok SIMULATED_00128.parquet (451 min, 0.0s)
2026-10-03 00:24:19,365 INFO [1066/1506] ok SIMULATED_00129.parquet (451 min, 0.0s)
2026-10-03 00:24:19,371 INFO [1067/1506] ok SIMULATED_00130.parquet (451 min, 0.0s)
2026-10-03 00:24:19,375 INFO [1068/1506] ok SIMULATED_00131.parquet (451 min, 0.0s)
2026-10-03 00:24:19,381 INFO [1069/1506] ok SIMULATED_00132.parquet (451 min, 0.0s)
2026-10-03 00:24:19,390 INFO [1070/1506] ok SIMULATED_00133.parquet (451 min, 0.0s)
2026-10-03 00:24:19,397 INFO [1071/1506] ok SIMULATED_00134.parquet (451 min, 0.0s)
2026-10-03 00:24:19,400 INFO [1072/1506] ok SIMULATED_00135.parquet (451 min, 0.0s)
2026-10-03 00:24:19,405 INFO [1073/1506] ok SIMULATED_00136.parquet (451 min, 0.0s)
2026-10-03 00:24:19,415 INFO [1074/1506] ok SIMULATED_00137.parquet (451 min, 0.0s)
2026-10-03 00:24:19,426 INFO [1075/1506] ok SIMULATED_00138.parquet (451 min, 0.0s)
2026-10-03 00:24:19,426 INFO [1076/1506] ok SIMULATED_00139.parquet (451 min, 0.0s)
2026-10-03 00:24:19,432 INFO [1077/1506] ok SIMULATED_00140.parquet (451 min, 0.0s)
2026-10-03 00:24:19,443 INFO [1078/1506] ok SIMULATED_00141.parquet (451 min, 0.0s)
2026-10-03 00:24:19,450 INFO [1079/1506] ok SIMULATED_00142.parquet (451 min, 0.0s)
2026-10-03 00:24:19,452 INFO [1080/1506] ok SIMULATED_00143.parquet (451 min, 0.0s)
2026-10-03 00:24:19,459 INFO [1081/1506] ok SIMULATED_00144.parquet (451 min, 0.0s)
2026-10-03 00:24:19,467 INFO [1082/1506] ok SIMULATED_00145.parquet (450 min, 0.0s)
2026-10-03 00:24:19,477 INFO [1083/1506] ok SIMULATED_00146.parquet (451 min, 0.0s)
2026-10-03 00:24:19,478 INFO [1084/1506] ok SIMULATED_00147.parquet (451 min, 0.0s)
2026-10-03 00:24:19,486 INFO [1085/1506] ok SIMULATED_00148.parquet (451 min, 0.0s)
2026-10-03 00:24:19,493 INFO [1086/1506] ok SIMULATED_00149.parquet (451 min, 0.0s)
2026-10-03 00:24:19,502 INFO [1087/1506] ok SIMULATED_00150.parquet (451 min, 0.0s)
2026-10-03 00:24:19,504 INFO [1088/1506] ok SIMULATED_00151.parquet (451 min, 0.0s)
2026-10-03 00:24:19,510 INFO [1089/1506] ok SIMULATED_00152.parquet (451 min, 0.0s)
2026-10-03 00:24:19,518 INFO [1090/1506] ok SIMULATED_00153.parquet (451 min, 0.0s)
2026-10-03 00:24:19,528 INFO [1091/1506] ok SIMULATED_00154.parquet (451 min, 0.0s)
2026-10-03 00:24:19,529 INFO [1092/1506] ok SIMULATED_00155.parquet (451 min, 0.0s)
2026-10-03 00:24:19,538 INFO [1093/1506] ok SIMULATED_00156.parquet (451 min, 0.0s)
2026-10-03 00:24:19,542 INFO [1094/1506] ok SIMULATED_00157.parquet (451 min, 0.0s)
2026-10-03 00:24:19,553 INFO [1095/1506] ok SIMULATED_00159.parquet (451 min, 0.0s)
2026-10-03 00:24:19,554 INFO [1096/1506] ok SIMULATED_00158.parquet (451 min, 0.0s)
2026-10-03 00:24:19,566 INFO [1097/1506] ok SIMULATED_00160.parquet (451 min, 0.0s)
2026-10-03 00:24:19,566 INFO [1098/1506] ok SIMULATED_00161.parquet (451 min, 0.0s)
2026-10-03 00:24:19,579 INFO [1099/1506] ok SIMULATED_00162.parquet (451 min, 0.0s)
2026-10-03 00:24:19,579 INFO [1100/1506] ok SIMULATED_00163.parquet (451 min, 0.0s)
2026-10-03 00:24:19,590 INFO [1101/1506] ok SIMULATED_00164.parquet (451 min, 0.0s)
2026-10-03 00:24:19,591 INFO [1102/1506] ok SIMULATED_00165.parquet (451 min, 0.0s)
2026-10-03 00:24:19,606 INFO [1103/1506] ok SIMULATED_00166.parquet (451 min, 0.0s)
2026-10-03 00:24:19,608 INFO [1104/1506] ok SIMULATED_00167.parquet (451 min, 0.0s)
2026-10-03 00:24:19,620 INFO [1105/1506] ok SIMULATED_00169.parquet (451 min, 0.0s)
2026-10-03 00:24:19,620 INFO [1106/1506] ok SIMULATED_00168.parquet (451 min, 0.0s)
2026-10-03 00:24:19,637 INFO [1107/1506] ok SIMULATED_00171.parquet (451 min, 0.0s)
2026-10-03 00:24:19,638 INFO [1108/1506] ok SIMULATED_00170.parquet (451 min, 0.0s)
2026-10-03 00:24:19,648 INFO [1109/1506] ok SIMULATED_00172.parquet (451 min, 0.0s)
2026-10-03 00:24:19,648 INFO [1110/1506] ok SIMULATED_00173.parquet (451 min, 0.0s)
2026-10-03 00:24:19,664 INFO [1111/1506] ok SIMULATED_00175.parquet (451 min, 0.0s)
2026-10-03 00:24:19,664 INFO [1112/1506] ok SIMULATED_00174.parquet (451 min, 0.0s)
2026-10-03 00:24:19,672 INFO [1113/1506] ok SIMULATED_00176.parquet (451 min, 0.0s)
2026-10-03 00:24:19,674 INFO [1114/1506] ok SIMULATED_00177.parquet (450 min, 0.0s)
2026-10-03 00:24:19,688 INFO [1115/1506] ok SIMULATED_00178.parquet (451 min, 0.0s)
2026-10-03 00:24:19,689 INFO [1116/1506] ok SIMULATED_00179.parquet (451 min, 0.0s)
2026-10-03 00:24:19,697 INFO [1117/1506] ok SIMULATED_00180.parquet (451 min, 0.0s)
2026-10-03 00:24:19,700 INFO [1118/1506] ok SIMULATED_00181.parquet (451 min, 0.0s)
2026-10-03 00:24:19,714 INFO [1119/1506] ok SIMULATED_00182.parquet (451 min, 0.0s)
2026-10-03 00:24:19,717 INFO [1120/1506] ok SIMULATED_00183.parquet (451 min, 0.0s)
2026-10-03 00:24:19,724 INFO [1121/1506] ok SIMULATED_00184.parquet (451 min, 0.0s)
2026-10-03 00:24:19,727 INFO [1122/1506] ok SIMULATED_00185.parquet (451 min, 0.0s)
2026-10-03 00:24:19,739 INFO [1123/1506] ok SIMULATED_00186.parquet (451 min, 0.0s)
2026-10-03 00:24:19,744 INFO [1124/1506] ok SIMULATED_00187.parquet (451 min, 0.0s)
2026-10-03 00:24:19,751 INFO [1125/1506] ok SIMULATED_00188.parquet (451 min, 0.0s)
2026-10-03 00:24:19,752 INFO [1126/1506] ok SIMULATED_00189.parquet (451 min, 0.0s)
2026-10-03 00:24:19,765 INFO [1127/1506] ok SIMULATED_00190.parquet (451 min, 0.0s)
2026-10-03 00:24:19,770 INFO [1128/1506] ok SIMULATED_00191.parquet (451 min, 0.0s)
2026-10-03 00:24:19,778 INFO [1129/1506] ok SIMULATED_00193.parquet (451 min, 0.0s)
2026-10-03 00:24:19,779 INFO [1130/1506] ok SIMULATED_00192.parquet (451 min, 0.0s)
2026-10-03 00:24:19,790 INFO [1131/1506] ok SIMULATED_00194.parquet (451 min, 0.0s)
2026-10-03 00:24:19,794 INFO [1132/1506] ok SIMULATED_00195.parquet (451 min, 0.0s)
2026-10-03 00:24:19,804 INFO [1133/1506] ok SIMULATED_00196.parquet (451 min, 0.0s)
2026-10-03 00:24:19,806 INFO [1134/1506] ok SIMULATED_00197.parquet (451 min, 0.0s)
2026-10-03 00:24:19,817 INFO [1135/1506] ok SIMULATED_00198.parquet (451 min, 0.0s)
2026-10-03 00:24:19,819 INFO [1136/1506] ok SIMULATED_00199.parquet (451 min, 0.0s)
2026-10-03 00:24:19,829 INFO [1137/1506] ok SIMULATED_00200.parquet (451 min, 0.0s)
2026-10-03 00:24:19,832 INFO [1138/1506] ok SIMULATED_00201.parquet (451 min, 0.0s)
2026-10-03 00:24:19,842 INFO [1139/1506] ok SIMULATED_00202.parquet (451 min, 0.0s)
2026-10-03 00:24:19,846 INFO [1140/1506] ok SIMULATED_00203.parquet (450 min, 0.0s)
2026-10-03 00:24:19,855 INFO [1141/1506] ok SIMULATED_00204.parquet (451 min, 0.0s)
2026-10-03 00:24:19,856 INFO [1142/1506] ok SIMULATED_00205.parquet (451 min, 0.0s)
2026-10-03 00:24:19,866 INFO [1143/1506] ok SIMULATED_00206.parquet (451 min, 0.0s)
2026-10-03 00:24:19,871 INFO [1144/1506] ok SIMULATED_00207.parquet (450 min, 0.0s)
2026-10-03 00:24:19,879 INFO [1145/1506] ok SIMULATED_00208.parquet (451 min, 0.0s)
2026-10-03 00:24:19,880 INFO [1146/1506] ok SIMULATED_00209.parquet (451 min, 0.0s)
2026-10-03 00:24:19,891 INFO [1147/1506] ok SIMULATED_00210.parquet (451 min, 0.0s)
2026-10-03 00:24:19,895 INFO [1148/1506] ok SIMULATED_00211.parquet (451 min, 0.0s)
2026-10-03 00:24:19,904 INFO [1149/1506] ok SIMULATED_00212.parquet (451 min, 0.0s)
2026-10-03 00:24:19,905 INFO [1150/1506] ok SIMULATED_00213.parquet (451 min, 0.0s)
2026-10-03 00:24:19,916 INFO [1151/1506] ok SIMULATED_00214.parquet (451 min, 0.0s)
2026-10-03 00:24:19,920 INFO [1152/1506] ok SIMULATED_00215.parquet (451 min, 0.0s)
2026-10-03 00:24:19,926 INFO [1153/1506] ok WELL-00002_20140301141700.parquet (192 min, 0.0s)
2026-10-03 00:24:19,928 INFO [1154/1506] ok WELL-00002_20140212160333.parquet (407 min, 0.0s)
2026-10-03 00:24:19,939 INFO [1155/1506] ok WELL-00002_20140325160304.parquet (201 min, 0.0s)
2026-10-03 00:24:19,940 INFO [1156/1506] ok WELL-00004_20171031171509.parquet (60 min, 0.0s)
2026-10-03 00:24:19,952 INFO [1157/1506] ok WELL-00004_20171031181500.parquet (34 min, 0.0s)
2026-10-03 00:24:19,961 INFO [1158/1506] ok WELL-00004_20171031184839.parquet (41 min, 0.0s)
2026-10-03 00:24:19,998 INFO [1159/1506] ok DRAWN_00004.parquet (721 min, 0.0s)
2026-10-03 00:24:20,054 INFO [1160/1506] ok DRAWN_00001.parquet (5761 min, 0.1s)
2026-10-03 00:24:20,065 INFO [1161/1506] ok DRAWN_00002.parquet (5761 min, 0.1s)
2026-10-03 00:24:20,065 INFO [1162/1506] ok DRAWN_00003.parquet (5761 min, 0.1s)
2026-10-03 00:24:20,119 INFO [1163/1506] ok DRAWN_00005.parquet (5761 min, 0.1s)
2026-10-03 00:24:20,134 INFO [1164/1506] ok DRAWN_00008.parquet (2881 min, 0.1s)
2026-10-03 00:24:20,150 INFO [1165/1506] ok DRAWN_00009.parquet (721 min, 0.0s)
2026-10-03 00:24:20,171 INFO [1166/1506] ok DRAWN_00006.parquet (5761 min, 0.1s)
2026-10-03 00:24:20,180 INFO [1167/1506] ok DRAWN_00010.parquet (1441 min, 0.0s)
2026-10-03 00:24:20,183 INFO [1168/1506] ok DRAWN_00007.parquet (5761 min, 0.1s)
2026-10-03 00:24:20,195 INFO [1169/1506] ok WELL-00001_20170226130146.parquet (1218 min, 0.0s)
2026-10-03 00:24:20,215 INFO [1170/1506] ok WELL-00021_20180611011218.parquet (717 min, 0.0s)
2026-10-03 00:24:20,225 INFO [1171/1506] ok WELL-00021_20190403013307.parquet (748 min, 0.0s)
2026-10-03 00:24:20,235 INFO [1172/1506] ok WELL-00006_20180618103000.parquet (2137 min, 0.1s)
2026-10-03 00:24:20,241 INFO [1173/1506] ok WELL-00006_20180620152903.parquet (1888 min, 0.1s)
2026-10-03 00:24:20,337 INFO [1174/1506] ok WELL-00022_20180802233838.parquet (5003 min, 0.1s)
2026-10-03 00:24:20,345 INFO [1175/1506] ok WELL-00022_20180919003240.parquet (4769 min, 0.1s)
2026-10-03 00:24:20,404 INFO [1176/1506] ok WELL-00022_20180912025800.parquet (9303 min, 0.2s)
2026-10-03 00:24:20,416 INFO [1177/1506] ok WELL-00022_20181020133850.parquet (2931 min, 0.1s)
2026-10-03 00:24:20,456 INFO [1178/1506] ok WELL-00022_20180925003447.parquet (12747 min, 0.2s)
2026-10-03 00:24:20,465 INFO [1179/1506] ok WELL-00022_20181007080700.parquet (6534 min, 0.1s)
2026-10-03 00:24:20,471 INFO [1180/1506] ok WELL-00022_20181101193049.parquet (1891 min, 0.1s)
2026-10-03 00:24:20,568 INFO [1181/1506] ok WELL-00023_20181014121654.parquet (4725 min, 0.1s)
2026-10-03 00:24:20,571 INFO [1182/1506] ok WELL-00022_20181026005827.parquet (8072 min, 0.2s)
2026-10-03 00:24:20,633 INFO [1183/1506] ok WELL-00023_20181019115124.parquet (8050 min, 0.2s)
2026-10-03 00:24:20,633 INFO [1184/1506] ok WELL-00023_20180826212652.parquet (9275 min, 0.2s)
2026-10-03 00:24:20,640 INFO [1185/1506] ok WELL-00024_20160704180000.parquet (2521 min, 0.1s)
2026-10-03 00:24:20,662 INFO [1186/1506] ok WELL-00023_20181030045054.parquet (3730 min, 0.1s)
2026-10-03 00:24:20,700 INFO [1187/1506] ok WELL-00024_20160720230624.parquet (1945 min, 0.1s)
2026-10-03 00:24:20,714 INFO [1188/1506] ok WELL-00024_20160708024918.parquet (3401 min, 0.1s)
2026-10-03 00:24:20,738 INFO [1189/1506] ok WELL-00024_20160722105543.parquet (3185 min, 0.1s)
2026-10-03 00:24:20,759 INFO [1190/1506] ok WELL-00024_20160729172014.parquet (2238 min, 0.1s)
2026-10-03 00:24:20,759 INFO [1191/1506] ok WELL-00024_20160712123044.parquet (6577 min, 0.1s)
2026-10-03 00:24:20,783 INFO [1192/1506] ok WELL-00024_20160810123500.parquet (1676 min, 0.0s)
2026-10-03 00:24:20,795 INFO [1193/1506] ok WELL-00024_20160828150330.parquet (1018 min, 0.0s)
2026-10-03 00:24:20,799 INFO [1194/1506] ok WELL-00024_20160825100303.parquet (1318 min, 0.0s)
2026-10-03 00:24:20,812 INFO [1195/1506] ok WELL-00024_20160802001614.parquet (4812 min, 0.1s)
2026-10-03 00:24:20,829 INFO [1196/1506] ok WELL-00024_20160830190958.parquet (1582 min, 0.0s)
2026-10-03 00:24:20,842 INFO [1197/1506] ok WELL-00024_20160911063934.parquet (741 min, 0.0s)
2026-10-03 00:24:20,848 INFO [1198/1506] ok WELL-00024_20160906211412.parquet (2027 min, 0.1s)
2026-10-03 00:24:20,849 INFO [1199/1506] ok WELL-00024_20160909220000.parquet (1921 min, 0.0s)
2026-10-03 00:24:20,857 INFO [1200/1506] ok WELL-00024_20160920153331.parquet (358 min, 0.0s)
2026-10-03 00:24:20,881 INFO [1201/1506] ok WELL-00024_20160923141645.parquet (877 min, 0.0s)
2026-10-03 00:24:20,889 INFO [1202/1506] skipped SIMULATED_00001.parquet (451 min, 0.0s)
2026-10-03 00:24:20,898 INFO [1203/1506] skipped SIMULATED_00002.parquet (451 min, 0.0s)
2026-10-03 00:24:20,907 INFO [1204/1506] skipped SIMULATED_00003.parquet (451 min, 0.0s)
2026-10-03 00:24:20,915 INFO [1205/1506] skipped SIMULATED_00004.parquet (451 min, 0.0s)
2026-10-03 00:24:20,920 INFO [1206/1506] ok WELL-00024_20161001112049.parquet (3041 min, 0.1s)
2026-10-03 00:24:20,921 INFO [1207/1506] skipped SIMULATED_00005.parquet (451 min, 0.0s)
2026-10-03 00:24:20,921 INFO [1208/1506] ok WELL-00024_20160926072123.parquet (3096 min, 0.1s)
2026-10-03 00:24:20,925 INFO [1209/1506] ok WELL-00024_20161026065657.parquet (2894 min, 0.1s)
2026-10-03 00:24:20,929 INFO [1210/1506] skipped SIMULATED_00007.parquet (451 min, 0.0s)
2026-10-03 00:24:20,929 INFO [1211/1506] skipped SIMULATED_00006.parquet (451 min, 0.0s)
2026-10-03 00:24:20,929 INFO [1212/1506] skipped SIMULATED_00008.parquet (451 min, 0.0s)
2026-10-03 00:24:20,931 INFO [1213/1506] skipped SIMULATED_00009.parquet (451 min, 0.0s)
2026-10-03 00:24:20,936 INFO [1214/1506] skipped SIMULATED_00012.parquet (451 min, 0.0s)
2026-10-03 00:24:20,936 INFO [1215/1506] skipped SIMULATED_00010.parquet (451 min, 0.0s)
2026-10-03 00:24:20,937 INFO [1216/1506] skipped SIMULATED_00013.parquet (451 min, 0.0s)
2026-10-03 00:24:20,943 INFO [1217/1506] skipped SIMULATED_00015.parquet (451 min, 0.0s)
2026-10-03 00:24:20,943 INFO [1218/1506] skipped SIMULATED_00014.parquet (451 min, 0.0s)
2026-10-03 00:24:20,944 INFO [1219/1506] skipped SIMULATED_00016.parquet (451 min, 0.0s)
2026-10-03 00:24:20,949 INFO [1220/1506] skipped SIMULATED_00017.parquet (451 min, 0.0s)
2026-10-03 00:24:20,950 INFO [1221/1506] skipped SIMULATED_00018.parquet (451 min, 0.0s)
2026-10-03 00:24:20,952 INFO [1222/1506] skipped SIMULATED_00019.parquet (451 min, 0.0s)
2026-10-03 00:24:20,957 INFO [1223/1506] skipped SIMULATED_00020.parquet (451 min, 0.0s)
2026-10-03 00:24:20,957 INFO [1224/1506] skipped SIMULATED_00022.parquet (451 min, 0.0s)
2026-10-03 00:24:20,958 INFO [1225/1506] skipped SIMULATED_00021.parquet (451 min, 0.0s)
2026-10-03 00:24:20,963 INFO [1226/1506] skipped SIMULATED_00023.parquet (451 min, 0.0s)
2026-10-03 00:24:20,964 INFO [1227/1506] skipped SIMULATED_00024.parquet (451 min, 0.0s)
2026-10-03 00:24:20,964 INFO [1228/1506] skipped SIMULATED_00011.parquet (451 min, 0.0s)
2026-10-03 00:24:20,964 INFO [1229/1506] skipped SIMULATED_00025.parquet (451 min, 0.0s)
2026-10-03 00:24:20,970 INFO [1230/1506] skipped SIMULATED_00026.parquet (451 min, 0.0s)
2026-10-03 00:24:20,970 INFO [1231/1506] skipped SIMULATED_00028.parquet (451 min, 0.0s)
2026-10-03 00:24:20,970 INFO [1232/1506] skipped SIMULATED_00027.parquet (451 min, 0.0s)
2026-10-03 00:24:20,972 INFO [1233/1506] skipped SIMULATED_00029.parquet (451 min, 0.0s)
2026-10-03 00:24:20,977 INFO [1234/1506] skipped SIMULATED_00032.parquet (451 min, 0.0s)
2026-10-03 00:24:20,977 INFO [1235/1506] skipped SIMULATED_00031.parquet (451 min, 0.0s)
2026-10-03 00:24:20,978 INFO [1236/1506] skipped SIMULATED_00030.parquet (451 min, 0.0s)
2026-10-03 00:24:20,979 INFO [1237/1506] skipped SIMULATED_00033.parquet (451 min, 0.0s)
2026-10-03 00:24:20,983 INFO [1238/1506] skipped SIMULATED_00034.parquet (451 min, 0.0s)
2026-10-03 00:24:20,983 INFO [1239/1506] skipped SIMULATED_00035.parquet (451 min, 0.0s)
2026-10-03 00:24:20,984 INFO [1240/1506] skipped SIMULATED_00036.parquet (451 min, 0.0s)
2026-10-03 00:24:20,985 INFO [1241/1506] skipped SIMULATED_00037.parquet (451 min, 0.0s)
2026-10-03 00:24:20,988 INFO [1242/1506] skipped SIMULATED_00038.parquet (451 min, 0.0s)
2026-10-03 00:24:20,989 INFO [1243/1506] skipped SIMULATED_00039.parquet (451 min, 0.0s)
2026-10-03 00:24:20,990 INFO [1244/1506] skipped SIMULATED_00040.parquet (451 min, 0.0s)
2026-10-03 00:24:20,991 INFO [1245/1506] skipped SIMULATED_00041.parquet (451 min, 0.0s)
2026-10-03 00:24:20,996 INFO [1246/1506] skipped SIMULATED_00042.parquet (451 min, 0.0s)
2026-10-03 00:24:20,996 INFO [1247/1506] skipped SIMULATED_00043.parquet (451 min, 0.0s)
2026-10-03 00:24:20,997 INFO [1248/1506] skipped SIMULATED_00045.parquet (451 min, 0.0s)
2026-10-03 00:24:20,999 INFO [1249/1506] skipped SIMULATED_00044.parquet (451 min, 0.0s)
2026-10-03 00:24:21,003 INFO [1250/1506] skipped SIMULATED_00046.parquet (451 min, 0.0s)
2026-10-03 00:24:21,003 INFO [1251/1506] skipped SIMULATED_00047.parquet (451 min, 0.0s)
2026-10-03 00:24:21,005 INFO [1252/1506] skipped SIMULATED_00048.parquet (451 min, 0.0s)
2026-10-03 00:24:21,006 INFO [1253/1506] skipped SIMULATED_00049.parquet (451 min, 0.0s)
2026-10-03 00:24:21,009 INFO [1254/1506] skipped SIMULATED_00050.parquet (451 min, 0.0s)
2026-10-03 00:24:21,010 INFO [1255/1506] skipped SIMULATED_00051.parquet (451 min, 0.0s)
2026-10-03 00:24:21,010 INFO [1256/1506] skipped SIMULATED_00052.parquet (451 min, 0.0s)
2026-10-03 00:24:21,012 INFO [1257/1506] skipped SIMULATED_00053.parquet (451 min, 0.0s)
2026-10-03 00:24:21,017 INFO [1258/1506] skipped SIMULATED_00054.parquet (451 min, 0.0s)
2026-10-03 00:24:21,017 INFO [1259/1506] skipped SIMULATED_00055.parquet (451 min, 0.0s)
2026-10-03 00:24:21,022 INFO [1260/1506] skipped SIMULATED_00058.parquet (451 min, 0.0s)
2026-10-03 00:24:21,023 INFO [1261/1506] skipped SIMULATED_00059.parquet (451 min, 0.0s)
2026-10-03 00:24:21,026 INFO [1262/1506] skipped SIMULATED_00056.parquet (451 min, 0.0s)
2026-10-03 00:24:21,028 INFO [1263/1506] skipped SIMULATED_00060.parquet (451 min, 0.0s)
2026-10-03 00:24:21,030 INFO [1264/1506] skipped SIMULATED_00061.parquet (451 min, 0.0s)
2026-10-03 00:24:21,031 INFO [1265/1506] skipped SIMULATED_00062.parquet (451 min, 0.0s)
2026-10-03 00:24:21,034 INFO [1266/1506] skipped SIMULATED_00063.parquet (451 min, 0.0s)
2026-10-03 00:24:21,035 INFO [1267/1506] skipped SIMULATED_00064.parquet (451 min, 0.0s)
2026-10-03 00:24:21,038 INFO [1268/1506] skipped SIMULATED_00065.parquet (451 min, 0.0s)
2026-10-03 00:24:21,040 INFO [1269/1506] skipped SIMULATED_00066.parquet (451 min, 0.0s)
2026-10-03 00:24:21,043 INFO [1270/1506] skipped SIMULATED_00067.parquet (451 min, 0.0s)
2026-10-03 00:24:21,045 INFO [1271/1506] skipped SIMULATED_00068.parquet (451 min, 0.0s)
2026-10-03 00:24:21,046 INFO [1272/1506] skipped SIMULATED_00069.parquet (451 min, 0.0s)
2026-10-03 00:24:21,048 INFO [1273/1506] skipped SIMULATED_00070.parquet (451 min, 0.0s)
2026-10-03 00:24:21,050 INFO [1274/1506] skipped SIMULATED_00071.parquet (451 min, 0.0s)
2026-10-03 00:24:21,051 INFO [1275/1506] skipped SIMULATED_00057.parquet (451 min, 0.0s)
2026-10-03 00:24:21,051 INFO [1276/1506] skipped SIMULATED_00072.parquet (451 min, 0.0s)
2026-10-03 00:24:21,054 INFO [1277/1506] skipped SIMULATED_00073.parquet (451 min, 0.0s)
2026-10-03 00:24:21,057 INFO [1278/1506] skipped SIMULATED_00075.parquet (451 min, 0.0s)
2026-10-03 00:24:21,057 INFO [1279/1506] skipped SIMULATED_00074.parquet (451 min, 0.0s)
2026-10-03 00:24:21,058 INFO [1280/1506] skipped SIMULATED_00076.parquet (451 min, 0.0s)
2026-10-03 00:24:21,059 INFO [1281/1506] skipped SIMULATED_00077.parquet (451 min, 0.0s)
2026-10-03 00:24:21,062 INFO [1282/1506] skipped SIMULATED_00079.parquet (451 min, 0.0s)
2026-10-03 00:24:21,063 INFO [1283/1506] skipped SIMULATED_00078.parquet (451 min, 0.0s)
2026-10-03 00:24:21,064 INFO [1284/1506] skipped SIMULATED_00080.parquet (451 min, 0.0s)
2026-10-03 00:24:21,067 INFO [1285/1506] skipped SIMULATED_00081.parquet (451 min, 0.0s)
2026-10-03 00:24:21,069 INFO [1286/1506] skipped WELL-00019_20120601165020.parquet (3993 min, 0.0s)
2026-10-03 00:24:21,070 INFO [1287/1506] skipped WELL-00019_20141117190526.parquet (5184 min, 0.0s)
2026-10-03 00:24:21,070 INFO [1288/1506] skipped WELL-00019_20150614025713.parquet (2734 min, 0.0s)
2026-10-03 00:24:21,073 INFO [1289/1506] skipped WELL-00019_20210617032654.parquet (4188 min, 0.0s)
2026-10-03 00:24:21,076 INFO [1290/1506] skipped WELL-00025_20200629194141.parquet (11978 min, 0.0s)
2026-10-03 00:24:21,078 INFO [1291/1506] skipped WELL-00026_20170207230000.parquet (9711 min, 0.0s)
2026-10-03 00:24:21,079 INFO [1292/1506] skipped WELL-00026_20160601130000.parquet (3061 min, 0.0s)
2026-10-03 00:24:21,080 INFO [1293/1506] skipped WELL-00026_20170608230000.parquet (8641 min, 0.0s)
2026-10-03 00:24:21,081 INFO [1294/1506] skipped WELL-00027_20230918170106.parquet (11281 min, 0.0s)
2026-10-03 00:24:21,084 INFO [1295/1506] skipped WELL-00028_20210617053128.parquet (5364 min, 0.0s)
2026-10-03 00:24:21,085 INFO [1296/1506] skipped WELL-00029_20201020231724.parquet (2395 min, 0.0s)
2026-10-03 00:24:21,087 INFO [1297/1506] skipped WELL-00030_20141108012623.parquet (2633 min, 0.0s)
2026-10-03 00:24:21,089 INFO [1298/1506] skipped WELL-00031_20140403170404.parquet (5983 min, 0.0s)
2026-10-03 00:24:21,091 INFO [1299/1506] skipped WELL-00032_20110830235321.parquet (2178 min, 0.0s)
2026-10-03 00:24:21,114 INFO [1300/1506] ok SIMULATED_00002.parquet (521 min, 0.0s)
2026-10-03 00:24:21,115 INFO [1301/1506] ok SIMULATED_00003.parquet (521 min, 0.0s)
2026-10-03 00:24:21,115 INFO [1302/1506] ok SIMULATED_00004.parquet (521 min, 0.0s)
2026-10-03 00:24:21,117 INFO [1303/1506] ok SIMULATED_00001.parquet (521 min, 0.0s)
2026-10-03 00:24:21,146 INFO [1304/1506] ok SIMULATED_00006.parquet (581 min, 0.0s)
2026-10-03 00:24:21,146 INFO [1305/1506] ok SIMULATED_00005.parquet (581 min, 0.0s)
2026-10-03 00:24:21,151 INFO [1306/1506] ok SIMULATED_00007.parquet (548 min, 0.0s)
2026-10-03 00:24:21,151 INFO [1307/1506] ok SIMULATED_00008.parquet (761 min, 0.0s)
2026-10-03 00:24:21,179 INFO [1308/1506] ok SIMULATED_00009.parquet (761 min, 0.0s)
2026-10-03 00:24:21,181 INFO [1309/1506] ok SIMULATED_00010.parquet (761 min, 0.0s)
2026-10-03 00:24:21,187 INFO [1310/1506] ok SIMULATED_00011.parquet (761 min, 0.0s)
2026-10-03 00:24:21,192 INFO [1311/1506] ok SIMULATED_00012.parquet (1061 min, 0.0s)
2026-10-03 00:24:21,219 INFO [1312/1506] ok SIMULATED_00013.parquet (1061 min, 0.0s)
2026-10-03 00:24:21,219 INFO [1313/1506] ok SIMULATED_00014.parquet (1061 min, 0.0s)
2026-10-03 00:24:21,225 INFO [1314/1506] ok SIMULATED_00015.parquet (1061 min, 0.0s)
2026-10-03 00:24:21,229 INFO [1315/1506] ok SIMULATED_00016.parquet (994 min, 0.0s)
2026-10-03 00:24:21,260 INFO [1316/1506] ok SIMULATED_00018.parquet (1061 min, 0.0s)
2026-10-03 00:24:21,261 INFO [1317/1506] ok SIMULATED_00017.parquet (1061 min, 0.0s)
2026-10-03 00:24:21,267 INFO [1318/1506] ok SIMULATED_00019.parquet (995 min, 0.0s)
2026-10-03 00:24:21,271 INFO [1319/1506] ok SIMULATED_00020.parquet (1061 min, 0.0s)
2026-10-03 00:24:21,289 INFO [1320/1506] ok SIMULATED_00021.parquet (521 min, 0.0s)
2026-10-03 00:24:21,289 INFO [1321/1506] ok SIMULATED_00022.parquet (521 min, 0.0s)
2026-10-03 00:24:21,294 INFO [1322/1506] ok SIMULATED_00023.parquet (521 min, 0.0s)
2026-10-03 00:24:21,299 INFO [1323/1506] ok SIMULATED_00024.parquet (521 min, 0.0s)
2026-10-03 00:24:21,318 INFO [1324/1506] ok SIMULATED_00025.parquet (521 min, 0.0s)
2026-10-03 00:24:21,319 INFO [1325/1506] ok SIMULATED_00026.parquet (521 min, 0.0s)
2026-10-03 00:24:21,322 INFO [1326/1506] ok SIMULATED_00027.parquet (521 min, 0.0s)
2026-10-03 00:24:21,329 INFO [1327/1506] ok SIMULATED_00028.parquet (521 min, 0.0s)
2026-10-03 00:24:21,348 INFO [1328/1506] ok SIMULATED_00030.parquet (521 min, 0.0s)
2026-10-03 00:24:21,348 INFO [1329/1506] ok SIMULATED_00029.parquet (521 min, 0.0s)
2026-10-03 00:24:21,352 INFO [1330/1506] ok SIMULATED_00031.parquet (581 min, 0.0s)
2026-10-03 00:24:21,361 INFO [1331/1506] ok SIMULATED_00032.parquet (581 min, 0.0s)
2026-10-03 00:24:21,377 INFO [1332/1506] ok SIMULATED_00034.parquet (581 min, 0.0s)
2026-10-03 00:24:21,377 INFO [1333/1506] ok SIMULATED_00033.parquet (581 min, 0.0s)
2026-10-03 00:24:21,377 INFO [1334/1506] ok SIMULATED_00035.parquet (581 min, 0.0s)
2026-10-03 00:24:21,393 INFO [1335/1506] ok SIMULATED_00036.parquet (581 min, 0.0s)
2026-10-03 00:24:21,406 INFO [1336/1506] ok SIMULATED_00037.parquet (581 min, 0.0s)
2026-10-03 00:24:21,408 INFO [1337/1506] ok SIMULATED_00038.parquet (761 min, 0.0s)
2026-10-03 00:24:21,413 INFO [1338/1506] ok SIMULATED_00039.parquet (761 min, 0.0s)
2026-10-03 00:24:21,425 INFO [1339/1506] ok SIMULATED_00040.parquet (761 min, 0.0s)
2026-10-03 00:24:21,444 INFO [1340/1506] ok SIMULATED_00043.parquet (761 min, 0.0s)
2026-10-03 00:24:21,444 INFO [1341/1506] ok SIMULATED_00042.parquet (761 min, 0.0s)
2026-10-03 00:24:21,444 INFO [1342/1506] ok SIMULATED_00041.parquet (761 min, 0.0s)
2026-10-03 00:24:21,461 INFO [1343/1506] ok SIMULATED_00044.parquet (1061 min, 0.0s)
2026-10-03 00:24:21,481 INFO [1344/1506] ok SIMULATED_00047.parquet (1060 min, 0.0s)
2026-10-03 00:24:21,482 INFO [1345/1506] ok SIMULATED_00046.parquet (1061 min, 0.0s)
2026-10-03 00:24:21,485 INFO [1346/1506] ok SIMULATED_00045.parquet (1061 min, 0.0s)
2026-10-03 00:24:21,501 INFO [1347/1506] ok SIMULATED_00048.parquet (1061 min, 0.0s)
2026-10-03 00:24:21,523 INFO [1348/1506] ok SIMULATED_00049.parquet (1061 min, 0.0s)
2026-10-03 00:24:21,530 INFO [1349/1506] ok SIMULATED_00050.parquet (1061 min, 0.0s)
2026-10-03 00:24:21,530 INFO [1350/1506] ok SIMULATED_00051.parquet (1061 min, 0.0s)
2026-10-03 00:24:21,536 INFO [1351/1506] ok SIMULATED_00052.parquet (1061 min, 0.0s)
2026-10-03 00:24:21,556 INFO [1352/1506] ok SIMULATED_00055.parquet (521 min, 0.0s)
2026-10-03 00:24:21,557 INFO [1353/1506] ok SIMULATED_00054.parquet (521 min, 0.0s)
2026-10-03 00:24:21,560 INFO [1354/1506] ok SIMULATED_00053.parquet (1061 min, 0.0s)
2026-10-03 00:24:21,562 INFO [1355/1506] ok SIMULATED_00056.parquet (521 min, 0.0s)
2026-10-03 00:24:21,583 INFO [1356/1506] ok SIMULATED_00058.parquet (521 min, 0.0s)
2026-10-03 00:24:21,585 INFO [1357/1506] ok SIMULATED_00057.parquet (521 min, 0.0s)
2026-10-03 00:24:21,586 INFO [1358/1506] ok SIMULATED_00059.parquet (581 min, 0.0s)
2026-10-03 00:24:21,591 INFO [1359/1506] ok SIMULATED_00060.parquet (581 min, 0.0s)
2026-10-03 00:24:21,612 INFO [1360/1506] ok SIMULATED_00063.parquet (581 min, 0.0s)
2026-10-03 00:24:21,612 INFO [1361/1506] ok SIMULATED_00062.parquet (581 min, 0.0s)
2026-10-03 00:24:21,613 INFO [1362/1506] ok SIMULATED_00061.parquet (581 min, 0.0s)
2026-10-03 00:24:21,622 INFO [1363/1506] ok SIMULATED_00064.parquet (581 min, 0.0s)
2026-10-03 00:24:21,643 INFO [1364/1506] ok SIMULATED_00065.parquet (761 min, 0.0s)
2026-10-03 00:24:21,644 INFO [1365/1506] ok SIMULATED_00067.parquet (761 min, 0.0s)
2026-10-03 00:24:21,645 INFO [1366/1506] ok SIMULATED_00066.parquet (761 min, 0.0s)
2026-10-03 00:24:21,655 INFO [1367/1506] ok SIMULATED_00068.parquet (761 min, 0.0s)
2026-10-03 00:24:21,673 INFO [1368/1506] ok SIMULATED_00069.parquet (761 min, 0.0s)
2026-10-03 00:24:21,677 INFO [1369/1506] ok SIMULATED_00070.parquet (761 min, 0.0s)
2026-10-03 00:24:21,678 INFO [1370/1506] ok SIMULATED_00071.parquet (760 min, 0.0s)
2026-10-03 00:24:21,688 INFO [1371/1506] ok SIMULATED_00072.parquet (761 min, 0.0s)
2026-10-03 00:24:21,714 INFO [1372/1506] ok SIMULATED_00073.parquet (1061 min, 0.0s)
2026-10-03 00:24:21,715 INFO [1373/1506] ok SIMULATED_00074.parquet (1061 min, 0.0s)
2026-10-03 00:24:21,719 INFO [1374/1506] ok SIMULATED_00075.parquet (1061 min, 0.0s)
2026-10-03 00:24:21,725 INFO [1375/1506] ok SIMULATED_00076.parquet (1061 min, 0.0s)
2026-10-03 00:24:21,752 INFO [1376/1506] ok SIMULATED_00078.parquet (1028 min, 0.0s)
2026-10-03 00:24:21,752 INFO [1377/1506] ok SIMULATED_00077.parquet (1061 min, 0.0s)
2026-10-03 00:24:21,756 INFO [1378/1506] ok SIMULATED_00079.parquet (1061 min, 0.0s)
2026-10-03 00:24:21,761 INFO [1379/1506] ok SIMULATED_00080.parquet (1061 min, 0.0s)
2026-10-03 00:24:21,778 INFO [1380/1506] ok SIMULATED_00081.parquet (521 min, 0.0s)
2026-10-03 00:24:21,781 INFO [1381/1506] ok SIMULATED_00082.parquet (521 min, 0.0s)
2026-10-03 00:24:21,785 INFO [1382/1506] ok SIMULATED_00083.parquet (521 min, 0.0s)
2026-10-03 00:24:21,788 INFO [1383/1506] ok SIMULATED_00084.parquet (521 min, 0.0s)
2026-10-03 00:24:21,805 INFO [1384/1506] ok SIMULATED_00085.parquet (521 min, 0.0s)
2026-10-03 00:24:21,806 INFO [1385/1506] ok SIMULATED_00086.parquet (521 min, 0.0s)
2026-10-03 00:24:21,809 INFO [1386/1506] ok SIMULATED_00087.parquet (521 min, 0.0s)
2026-10-03 00:24:21,816 INFO [1387/1506] ok SIMULATED_00088.parquet (521 min, 0.0s)
2026-10-03 00:24:21,833 INFO [1388/1506] ok SIMULATED_00089.parquet (521 min, 0.0s)
2026-10-03 00:24:21,834 INFO [1389/1506] ok SIMULATED_00090.parquet (581 min, 0.0s)
2026-10-03 00:24:21,841 INFO [1390/1506] ok SIMULATED_00091.parquet (581 min, 0.0s)
2026-10-03 00:24:21,848 INFO [1391/1506] ok SIMULATED_00092.parquet (581 min, 0.0s)
2026-10-03 00:24:21,863 INFO [1392/1506] ok SIMULATED_00093.parquet (581 min, 0.0s)
2026-10-03 00:24:21,865 INFO [1393/1506] ok SIMULATED_00094.parquet (581 min, 0.0s)
2026-10-03 00:24:21,873 INFO [1394/1506] ok SIMULATED_00095.parquet (761 min, 0.0s)
2026-10-03 00:24:21,881 INFO [1395/1506] ok SIMULATED_00096.parquet (761 min, 0.0s)
2026-10-03 00:24:21,896 INFO [1396/1506] ok SIMULATED_00097.parquet (761 min, 0.0s)
2026-10-03 00:24:21,898 INFO [1397/1506] ok SIMULATED_00098.parquet (761 min, 0.0s)
2026-10-03 00:24:21,907 INFO [1398/1506] ok SIMULATED_00099.parquet (761 min, 0.0s)
2026-10-03 00:24:21,913 INFO [1399/1506] ok SIMULATED_00100.parquet (761 min, 0.0s)
2026-10-03 00:24:21,928 INFO [1400/1506] ok SIMULATED_00102.parquet (761 min, 0.0s)
2026-10-03 00:24:21,930 INFO [1401/1506] ok SIMULATED_00101.parquet (761 min, 0.0s)
2026-10-03 00:24:21,942 INFO [1402/1506] ok SIMULATED_00103.parquet (761 min, 0.0s)
2026-10-03 00:24:21,951 INFO [1403/1506] ok SIMULATED_00104.parquet (1061 min, 0.0s)
2026-10-03 00:24:21,966 INFO [1404/1506] ok SIMULATED_00105.parquet (1061 min, 0.0s)
2026-10-03 00:24:21,969 INFO [1405/1506] ok SIMULATED_00106.parquet (1061 min, 0.0s)
2026-10-03 00:24:21,980 INFO [1406/1506] ok SIMULATED_00107.parquet (1060 min, 0.0s)
2026-10-03 00:24:21,988 INFO [1407/1506] ok SIMULATED_00108.parquet (1061 min, 0.0s)
2026-10-03 00:24:22,004 INFO [1408/1506] ok SIMULATED_00109.parquet (1060 min, 0.0s)
2026-10-03 00:24:22,008 INFO [1409/1506] ok SIMULATED_00110.parquet (1061 min, 0.0s)
2026-10-03 00:24:22,024 INFO [1410/1506] ok SIMULATED_00111.parquet (1061 min, 0.0s)
2026-10-03 00:24:22,028 INFO [1411/1506] ok SIMULATED_00112.parquet (1061 min, 0.0s)
2026-10-03 00:24:22,042 INFO [1412/1506] ok SIMULATED_00113.parquet (1061 min, 0.0s)
2026-10-03 00:24:22,048 INFO [1413/1506] ok SIMULATED_00114.parquet (1061 min, 0.0s)
2026-10-03 00:24:22,050 INFO [1414/1506] ok SIMULATED_00115.parquet (520 min, 0.0s)
2026-10-03 00:24:22,054 INFO [1415/1506] ok SIMULATED_00116.parquet (521 min, 0.0s)
2026-10-03 00:24:22,069 INFO [1416/1506] ok SIMULATED_00117.parquet (521 min, 0.0s)
2026-10-03 00:24:22,077 INFO [1417/1506] ok SIMULATED_00119.parquet (521 min, 0.0s)
2026-10-03 00:24:22,078 INFO [1418/1506] ok SIMULATED_00118.parquet (520 min, 0.0s)
2026-10-03 00:24:22,086 INFO [1419/1506] ok SIMULATED_00120.parquet (521 min, 0.0s)
2026-10-03 00:24:22,098 INFO [1420/1506] ok SIMULATED_00121.parquet (521 min, 0.0s)
2026-10-03 00:24:22,108 INFO [1421/1506] ok SIMULATED_00122.parquet (521 min, 0.0s)
2026-10-03 00:24:22,108 INFO [1422/1506] ok SIMULATED_00123.parquet (521 min, 0.0s)
2026-10-03 00:24:22,119 INFO [1423/1506] ok SIMULATED_00124.parquet (581 min, 0.0s)
2026-10-03 00:24:22,129 INFO [1424/1506] ok SIMULATED_00125.parquet (581 min, 0.0s)
2026-10-03 00:24:22,139 INFO [1425/1506] ok SIMULATED_00127.parquet (581 min, 0.0s)
2026-10-03 00:24:22,140 INFO [1426/1506] ok SIMULATED_00126.parquet (581 min, 0.0s)
2026-10-03 00:24:22,148 INFO [1427/1506] ok SIMULATED_00128.parquet (581 min, 0.0s)
2026-10-03 00:24:22,163 INFO [1428/1506] ok SIMULATED_00129.parquet (581 min, 0.0s)
2026-10-03 00:24:22,168 INFO [1429/1506] ok SIMULATED_00130.parquet (581 min, 0.0s)
2026-10-03 00:24:22,177 INFO [1430/1506] ok SIMULATED_00131.parquet (581 min, 0.0s)
2026-10-03 00:24:22,183 INFO [1431/1506] ok SIMULATED_00132.parquet (761 min, 0.0s)
2026-10-03 00:24:22,204 INFO [1432/1506] ok SIMULATED_00133.parquet (761 min, 0.0s)
2026-10-03 00:24:22,206 INFO [1433/1506] ok SIMULATED_00134.parquet (761 min, 0.0s)
2026-10-03 00:24:22,215 INFO [1434/1506] ok SIMULATED_00135.parquet (761 min, 0.0s)
2026-10-03 00:24:22,216 INFO [1435/1506] ok SIMULATED_00136.parquet (761 min, 0.0s)
2026-10-03 00:24:22,240 INFO [1436/1506] ok SIMULATED_00137.parquet (761 min, 0.0s)
2026-10-03 00:24:22,241 INFO [1437/1506] ok SIMULATED_00138.parquet (761 min, 0.0s)
2026-10-03 00:24:22,251 INFO [1438/1506] ok SIMULATED_00140.parquet (761 min, 0.0s)
2026-10-03 00:24:22,252 INFO [1439/1506] ok SIMULATED_00139.parquet (761 min, 0.0s)
2026-10-03 00:24:22,281 INFO [1440/1506] ok SIMULATED_00141.parquet (1061 min, 0.0s)
2026-10-03 00:24:22,282 INFO [1441/1506] ok SIMULATED_00142.parquet (1061 min, 0.0s)
2026-10-03 00:24:22,289 INFO [1442/1506] ok SIMULATED_00144.parquet (1061 min, 0.0s)
2026-10-03 00:24:22,294 INFO [1443/1506] ok SIMULATED_00143.parquet (1061 min, 0.0s)
2026-10-03 00:24:22,319 INFO [1444/1506] ok SIMULATED_00145.parquet (1061 min, 0.0s)
2026-10-03 00:24:22,322 INFO [1445/1506] ok SIMULATED_00146.parquet (1061 min, 0.0s)
2026-10-03 00:24:22,334 INFO [1446/1506] ok SIMULATED_00148.parquet (1061 min, 0.0s)
2026-10-03 00:24:22,337 INFO [1447/1506] ok SIMULATED_00147.parquet (1061 min, 0.0s)
2026-10-03 00:24:22,359 INFO [1448/1506] ok WELL-00010_20180715083053.parquet (270 min, 0.0s)
2026-10-03 00:24:22,360 INFO [1449/1506] ok SIMULATED_00149.parquet (1061 min, 0.0s)
2026-10-03 00:24:22,361 INFO [1450/1506] ok SIMULATED_00150.parquet (1061 min, 0.0s)
2026-10-03 00:24:22,373 INFO [1451/1506] ok WELL-00010_20180517000402.parquet (1219 min, 0.0s)
2026-10-03 00:24:22,383 INFO [1452/1506] ok WELL-00010_20180717234051.parquet (258 min, 0.0s)
2026-10-03 00:24:22,385 INFO [1453/1506] ok WELL-00010_20180720234103.parquet (318 min, 0.0s)
2026-10-03 00:24:22,406 INFO [1454/1506] ok WELL-00010_20180723134436.parquet (1392 min, 0.0s)
2026-10-03 00:24:22,408 INFO [1455/1506] ok WELL-00014_20170214190000.parquet (301 min, 0.0s)
2026-10-03 00:24:22,414 INFO [1456/1506] ok WELL-00014_20160306070000.parquet (563 min, 0.0s)
2026-10-03 00:24:22,415 INFO [1457/1506] ok WELL-00014_20160304155906.parquet (1123 min, 0.0s)
2026-10-03 00:24:22,428 INFO [1458/1506] ok WELL-00016_20150418132043.parquet (149 min, 0.0s)
2026-10-03 00:24:22,430 INFO [1459/1506] ok WELL-00015_20190922060029.parquet (150 min, 0.0s)
2026-10-03 00:24:22,438 INFO [1460/1506] ok WELL-00016_20190925110952.parquet (226 min, 0.0s)
2026-10-03 00:24:22,446 INFO [1461/1506] ok WELL-00016_20190924191606.parquet (698 min, 0.0s)
2026-10-03 00:24:22,451 INFO [1462/1506] ok WELL-00020_20131004225400.parquet (64 min, 0.0s)
2026-10-03 00:24:22,459 INFO [1463/1506] ok WELL-00033_20190925190420.parquet (653 min, 0.0s)
2026-10-03 00:24:22,459 INFO [1464/1506] ok WELL-00033_20190926065206.parquet (291 min, 0.0s)
2026-10-03 00:24:22,471 INFO [1465/1506] ok WELL-00033_20190928030111.parquet (358 min, 0.0s)
2026-10-03 00:24:22,477 INFO [1466/1506] ok WELL-00033_20191004020000.parquet (148 min, 0.0s)
2026-10-03 00:24:22,478 INFO [1467/1506] ok WELL-00033_20190928210207.parquet (537 min, 0.0s)
2026-10-03 00:24:22,482 INFO [1468/1506] ok WELL-00033_20190930190000.parquet (476 min, 0.0s)
2026-10-03 00:24:22,494 INFO [1469/1506] ok WELL-00034_20190825004401.parquet (256 min, 0.0s)
2026-10-03 00:24:22,499 INFO [1470/1506] ok WELL-00034_20190825150318.parquet (236 min, 0.0s)
2026-10-03 00:24:22,506 INFO [1471/1506] ok WELL-00034_20190826050146.parquet (538 min, 0.0s)
2026-10-03 00:24:22,510 INFO [1472/1506] ok WELL-00034_20190831210153.parquet (478 min, 0.0s)
2026-10-03 00:24:22,521 INFO [1473/1506] ok WELL-00034_20191003180056.parquet (240 min, 0.0s)
2026-10-03 00:24:22,534 INFO [1474/1506] ok WELL-00035_20190823193122.parquet (418 min, 0.0s)
2026-10-03 00:24:22,536 INFO [1475/1506] ok WELL-00035_20190819093245.parquet (836 min, 0.0s)
2026-10-03 00:24:22,537 INFO [1476/1506] ok WELL-00034_20190901060904.parquet (1365 min, 0.0s)
2026-10-03 00:24:22,542 INFO [1477/1506] ok WELL-00035_20190824140503.parquet (174 min, 0.0s)
2026-10-03 00:24:22,557 INFO [1478/1506] ok WELL-00035_20190923023106.parquet (120 min, 0.0s)
2026-10-03 00:24:22,562 INFO [1479/1506] ok WELL-00036_20190925100042.parquet (120 min, 0.0s)
2026-10-03 00:24:22,568 INFO [1480/1506] ok WELL-00035_20190827090706.parquet (891 min, 0.0s)
2026-10-03 00:24:22,576 INFO [1481/1506] ok WELL-00036_20190930013035.parquet (60 min, 0.0s)
2026-10-03 00:24:22,583 INFO [1482/1506] ok WELL-00036_20190930083101.parquet (118 min, 0.0s)
2026-10-03 00:24:22,585 INFO [1483/1506] ok WELL-00035_20190925061122.parquet (1903 min, 0.0s)
2026-10-03 00:24:22,596 INFO [1484/1506] ok WELL-00037_20181011071238.parquet (469 min, 0.0s)
2026-10-03 00:24:22,605 INFO [1485/1506] ok WELL-00037_20190924193953.parquet (112 min, 0.0s)
2026-10-03 00:24:22,606 INFO [1486/1506] ok WELL-00037_20181013022427.parquet (305 min, 0.0s)
2026-10-03 00:24:22,619 INFO [1487/1506] ok WELL-00037_20190924213000.parquet (459 min, 0.0s)
2026-10-03 00:24:22,624 INFO [1488/1506] ok WELL-00038_20190924212924.parquet (509 min, 0.0s)
2026-10-03 00:24:22,638 INFO [1489/1506] ok WELL-00039_20190918150111.parquet (358 min, 0.0s)
2026-10-03 00:24:22,650 INFO [1490/1506] ok WELL-00039_20190924200204.parquet (626 min, 0.0s)
2026-10-03 00:24:22,654 INFO [1491/1506] ok WELL-00040_20181013160242.parquet (515 min, 0.0s)
2026-10-03 00:24:22,657 INFO [1492/1506] ok WELL-00038_20190925093222.parquet (1501 min, 0.1s)
2026-10-03 00:24:22,670 INFO [1493/1506] ok WELL-00041_20181013160201.parquet (495 min, 0.0s)
2026-10-03 00:24:22,703 INFO [1494/1506] ok WELL-00041_20190814154301.parquet (1632 min, 0.1s)
2026-10-03 00:24:22,719 INFO [1495/1506] ok WELL-00041_20190822143519.parquet (1610 min, 0.0s)
2026-10-03 00:24:22,720 INFO [1496/1506] ok WELL-00041_20190819163753.parquet (2364 min, 0.1s)
2026-10-03 00:24:22,731 INFO [1497/1506] ok WELL-00041_20190817173916.parquet (2799 min, 0.1s)
2026-10-03 00:24:22,752 INFO [1498/1506] ok WELL-00041_20190924202109.parquet (640 min, 0.0s)
2026-10-03 00:24:22,759 INFO [1499/1506] ok WELL-00041_20190925111412.parquet (614 min, 0.0s)
2026-10-03 00:24:22,775 INFO [1500/1506] ok WELL-00041_20190906051807.parquet (3022 min, 0.1s)
2026-10-03 00:24:22,778 INFO [1501/1506] ok WELL-00042_20141217142745.parquet (567 min, 0.0s)
2026-10-03 00:24:22,780 INFO [1502/1506] ok WELL-00042_20141218004109.parquet (132 min, 0.0s)
2026-10-03 00:24:22,791 INFO [1503/1506] ok WELL-00041_20190917161232.parquet (3151 min, 0.1s)
2026-10-03 00:24:22,802 INFO [1504/1506] ok WELL-00042_20141222024535.parquet (385 min, 0.0s)
2026-10-03 00:24:22,802 INFO [1505/1506] ok WELL-00042_20141221190219.parquet (456 min, 0.0s)
2026-10-03 00:24:22,806 INFO [1506/1506] ok WELL-00042_20141218051903.parquet (885 min, 0.0s)
2026-10-03 00:24:22,883 INFO Done: 1506 ok/skipped, 0 errors in 10s
2026-10-03 00:26:52,776 INFO Processing 1506 files (classes=[0, 4, 6, 7, 8, 9], workers=4, skip_existing=False)
2026-10-03 00:26:53,261 INFO [1/1506] ok WELL-00001_20170201060114.parquet (300 min, 0.1s)
2026-10-03 00:26:53,262 INFO [2/1506] ok WELL-00001_20170201010207.parquet (299 min, 0.1s)
2026-10-03 00:26:53,262 INFO [3/1506] ok WELL-00001_20170201110124.parquet (300 min, 0.1s)
2026-10-03 00:26:53,264 INFO [4/1506] ok WELL-00001_20170201160311.parquet (298 min, 0.1s)
2026-10-03 00:26:53,293 INFO [5/1506] ok WELL-00001_20170201210228.parquet (299 min, 0.0s)
2026-10-03 00:26:53,294 INFO [6/1506] ok WELL-00001_20170202020343.parquet (298 min, 0.0s)
2026-10-03 00:26:53,294 INFO [7/1506] ok WELL-00001_20170202070239.parquet (299 min, 0.0s)
2026-10-03 00:26:53,295 INFO [8/1506] ok WELL-00001_20170218000146.parquet (300 min, 0.0s)
2026-10-03 00:26:53,323 INFO [9/1506] ok WELL-00001_20170218050218.parquet (299 min, 0.0s)
2026-10-03 00:26:53,324 INFO [10/1506] ok WELL-00001_20170218100218.parquet (299 min, 0.0s)
2026-10-03 00:26:53,325 INFO [11/1506] ok WELL-00001_20170219010042.parquet (301 min, 0.0s)
2026-10-03 00:26:53,325 INFO [12/1506] ok WELL-00001_20170218150135.parquet (300 min, 0.0s)
2026-10-03 00:26:53,355 INFO [13/1506] ok WELL-00001_20170219060031.parquet (301 min, 0.0s)
2026-10-03 00:26:53,355 INFO [14/1506] ok WELL-00001_20170219110021.parquet (301 min, 0.0s)
2026-10-03 00:26:53,355 INFO [15/1506] ok WELL-00001_20170219160053.parquet (301 min, 0.0s)
2026-10-03 00:26:53,357 INFO [16/1506] ok WELL-00001_20170219210332.parquet (298 min, 0.0s)
2026-10-03 00:26:53,386 INFO [17/1506] ok WELL-00001_20170424170042.parquet (301 min, 0.0s)
2026-10-03 00:26:53,386 INFO [18/1506] ok WELL-00001_20170421090251.parquet (354 min, 0.0s)
2026-10-03 00:26:53,387 INFO [19/1506] ok WELL-00001_20170422030000.parquet (358 min, 0.0s)
2026-10-03 00:26:53,387 INFO [20/1506] ok WELL-00001_20170424220156.parquet (300 min, 0.0s)
2026-10-03 00:26:53,416 INFO [21/1506] ok WELL-00001_20170520180000.parquet (298 min, 0.0s)
2026-10-03 00:26:53,417 INFO [22/1506] ok WELL-00001_20170425080343.parquet (298 min, 0.0s)
2026-10-03 00:26:53,418 INFO [23/1506] ok WELL-00001_20170425030207.parquet (299 min, 0.0s)
2026-10-03 00:26:53,420 INFO [24/1506] ok WELL-00001_20170425130042.parquet (301 min, 0.0s)
2026-10-03 00:26:53,447 INFO [25/1506] ok WELL-00001_20170521090000.parquet (298 min, 0.0s)
2026-10-03 00:26:53,448 INFO [26/1506] ok WELL-00001_20170520230000.parquet (300 min, 0.0s)
2026-10-03 00:26:53,448 INFO [27/1506] ok WELL-00001_20170521040000.parquet (298 min, 0.0s)
2026-10-03 00:26:53,452 INFO [28/1506] ok WELL-00001_20170521140000.parquet (299 min, 0.0s)
2026-10-03 00:26:53,477 INFO [29/1506] ok WELL-00001_20170522000000.parquet (300 min, 0.0s)
2026-10-03 00:26:53,478 INFO [30/1506] ok WELL-00001_20170521190000.parquet (297 min, 0.0s)
2026-10-03 00:26:53,479 INFO [31/1506] ok WELL-00001_20170522050000.parquet (300 min, 0.0s)
2026-10-03 00:26:53,479 INFO [32/1506] ok WELL-00001_20170522100000.parquet (300 min, 0.0s)
2026-10-03 00:26:53,507 INFO [33/1506] ok WELL-00001_20170522150000.parquet (299 min, 0.0s)
2026-10-03 00:26:53,507 INFO [34/1506] ok WELL-00001_20170523060000.parquet (298 min, 0.0s)
2026-10-03 00:26:53,509 INFO [35/1506] ok WELL-00001_20170523010012.parquet (299 min, 0.0s)
2026-10-03 00:26:53,509 INFO [36/1506] ok WELL-00001_20170522200000.parquet (299 min, 0.0s)
2026-10-03 00:26:53,537 INFO [37/1506] ok WELL-00001_20170523160000.parquet (295 min, 0.0s)
2026-10-03 00:26:53,538 INFO [38/1506] ok WELL-00001_20170523110000.parquet (298 min, 0.0s)
2026-10-03 00:26:53,540 INFO [39/1506] ok WELL-00001_20170524020000.parquet (299 min, 0.0s)
2026-10-03 00:26:53,540 INFO [40/1506] ok WELL-00001_20170523210000.parquet (300 min, 0.0s)
2026-10-03 00:26:53,569 INFO [41/1506] ok WELL-00001_20170524070000.parquet (300 min, 0.0s)
2026-10-03 00:26:53,569 INFO [42/1506] ok WELL-00001_20170524170000.parquet (300 min, 0.0s)
2026-10-03 00:26:53,571 INFO [43/1506] ok WELL-00001_20170524220000.parquet (299 min, 0.0s)
2026-10-03 00:26:53,571 INFO [44/1506] ok WELL-00001_20170524120000.parquet (300 min, 0.0s)
2026-10-03 00:26:53,600 INFO [45/1506] ok WELL-00001_20170525030000.parquet (299 min, 0.0s)
2026-10-03 00:26:53,600 INFO [46/1506] ok WELL-00001_20170525130000.parquet (300 min, 0.0s)
2026-10-03 00:26:53,600 INFO [47/1506] ok WELL-00001_20170525080000.parquet (299 min, 0.0s)
2026-10-03 00:26:53,602 INFO [48/1506] ok WELL-00001_20170525180000.parquet (299 min, 0.0s)
2026-10-03 00:26:53,630 INFO [49/1506] ok WELL-00001_20170526090000.parquet (298 min, 0.0s)
2026-10-03 00:26:53,630 INFO [50/1506] ok WELL-00001_20170526040000.parquet (298 min, 0.0s)
2026-10-03 00:26:53,631 INFO [51/1506] ok WELL-00001_20170526140000.parquet (298 min, 0.0s)
2026-10-03 00:26:53,631 INFO [52/1506] ok WELL-00001_20170525230000.parquet (300 min, 0.0s)
2026-10-03 00:26:53,658 INFO [53/1506] ok WELL-00001_20170527000000.parquet (299 min, 0.0s)
2026-10-03 00:26:53,660 INFO [54/1506] ok WELL-00001_20170527100000.parquet (299 min, 0.0s)
2026-10-03 00:26:53,660 INFO [55/1506] ok WELL-00001_20170526190000.parquet (299 min, 0.0s)
2026-10-03 00:26:53,660 INFO [56/1506] ok WELL-00001_20170527050000.parquet (300 min, 0.0s)
2026-10-03 00:26:53,688 INFO [57/1506] ok WELL-00001_20170527150000.parquet (298 min, 0.0s)
2026-10-03 00:26:53,688 INFO [58/1506] ok WELL-00001_20170528060000.parquet (299 min, 0.0s)
2026-10-03 00:26:53,688 INFO [59/1506] ok WELL-00001_20170527200000.parquet (299 min, 0.0s)
2026-10-03 00:26:53,691 INFO [60/1506] ok WELL-00001_20170528010000.parquet (299 min, 0.0s)
2026-10-03 00:26:53,718 INFO [61/1506] ok WELL-00001_20170528110000.parquet (299 min, 0.0s)
2026-10-03 00:26:53,718 INFO [62/1506] ok WELL-00001_20170528160000.parquet (300 min, 0.0s)
2026-10-03 00:26:53,718 INFO [63/1506] ok WELL-00001_20170528210000.parquet (298 min, 0.0s)
2026-10-03 00:26:53,720 INFO [64/1506] ok WELL-00001_20170626090246.parquet (295 min, 0.0s)
2026-10-03 00:26:53,747 INFO [65/1506] ok WELL-00001_20170626190135.parquet (298 min, 0.0s)
2026-10-03 00:26:53,748 INFO [66/1506] ok WELL-00001_20170823040000.parquet (298 min, 0.0s)
2026-10-03 00:26:53,751 INFO [67/1506] ok WELL-00001_20170626140123.parquet (295 min, 0.0s)
2026-10-03 00:26:53,751 INFO [68/1506] ok WELL-00001_20170627000333.parquet (294 min, 0.0s)
2026-10-03 00:26:53,777 INFO [69/1506] ok WELL-00001_20170823092146.parquet (217 min, 0.0s)
2026-10-03 00:26:53,777 INFO [70/1506] ok WELL-00001_20170823140000.parquet (301 min, 0.0s)
2026-10-03 00:26:53,779 INFO [71/1506] ok WELL-00001_20170824000000.parquet (299 min, 0.0s)
2026-10-03 00:26:53,782 INFO [72/1506] ok WELL-00001_20170823190000.parquet (299 min, 0.0s)
2026-10-03 00:26:53,808 INFO [73/1506] ok WELL-00001_20170824100000.parquet (299 min, 0.0s)
2026-10-03 00:26:53,808 INFO [74/1506] ok WELL-00001_20170824050000.parquet (300 min, 0.0s)
2026-10-03 00:26:53,810 INFO [75/1506] ok WELL-00001_20170824200000.parquet (300 min, 0.0s)
2026-10-03 00:26:53,810 INFO [76/1506] ok WELL-00001_20170824150000.parquet (300 min, 0.0s)
2026-10-03 00:26:53,838 INFO [77/1506] ok WELL-00001_20170825060000.parquet (298 min, 0.0s)
2026-10-03 00:26:53,839 INFO [78/1506] ok WELL-00001_20170825110000.parquet (297 min, 0.0s)
2026-10-03 00:26:53,841 INFO [79/1506] ok WELL-00001_20170825010000.parquet (299 min, 0.0s)
2026-10-03 00:26:53,843 INFO [80/1506] ok WELL-00001_20170825160000.parquet (299 min, 0.0s)
2026-10-03 00:26:53,871 INFO [81/1506] ok WELL-00001_20170825210000.parquet (299 min, 0.0s)
2026-10-03 00:26:53,871 INFO [82/1506] ok WELL-00001_20170826070000.parquet (299 min, 0.0s)
2026-10-03 00:26:53,871 INFO [83/1506] ok WELL-00001_20170826020000.parquet (299 min, 0.0s)
2026-10-03 00:26:53,875 INFO [84/1506] ok WELL-00001_20170826120000.parquet (299 min, 0.0s)
2026-10-03 00:26:53,904 INFO [85/1506] ok WELL-00001_20170826220000.parquet (299 min, 0.0s)
2026-10-03 00:26:53,904 INFO [86/1506] ok WELL-00001_20170826170000.parquet (300 min, 0.0s)
2026-10-03 00:26:53,905 INFO [87/1506] ok WELL-00001_20170827030000.parquet (299 min, 0.0s)
2026-10-03 00:26:53,909 INFO [88/1506] ok WELL-00001_20170827080000.parquet (300 min, 0.0s)
2026-10-03 00:26:53,938 INFO [89/1506] ok WELL-00001_20170827180000.parquet (298 min, 0.0s)
2026-10-03 00:26:53,938 INFO [90/1506] ok WELL-00001_20170827230000.parquet (296 min, 0.0s)
2026-10-03 00:26:53,939 INFO [91/1506] ok WELL-00001_20170827130000.parquet (299 min, 0.0s)
2026-10-03 00:26:53,942 INFO [92/1506] ok WELL-00001_20170828040000.parquet (298 min, 0.0s)
2026-10-03 00:26:53,965 INFO [93/1506] ok WELL-00002_20131211220015.parquet (121 min, 0.0s)
2026-10-03 00:26:53,968 INFO [94/1506] ok WELL-00002_20131212000148.parquet (120 min, 0.0s)
2026-10-03 00:26:53,972 INFO [95/1506] ok WELL-00002_20131212020000.parquet (120 min, 0.0s)
2026-10-03 00:26:53,974 INFO [96/1506] ok WELL-00001_20170828090000.parquet (297 min, 0.0s)
2026-10-03 00:26:53,992 INFO [97/1506] ok WELL-00002_20131212040000.parquet (120 min, 0.0s)
2026-10-03 00:26:53,994 INFO [98/1506] ok WELL-00002_20131212060005.parquet (120 min, 0.0s)
2026-10-03 00:26:53,997 INFO [99/1506] ok WELL-00002_20131214150127.parquet (120 min, 0.0s)
2026-10-03 00:26:54,001 INFO [100/1506] ok WELL-00002_20131214170036.parquet (121 min, 0.0s)
2026-10-03 00:26:54,019 INFO [101/1506] ok WELL-00002_20131214190030.parquet (121 min, 0.0s)
2026-10-03 00:26:54,021 INFO [102/1506] ok WELL-00002_20170209110022.parquet (301 min, 0.0s)
2026-10-03 00:26:54,023 INFO [103/1506] ok WELL-00002_20170209160152.parquet (300 min, 0.0s)
2026-10-03 00:26:54,032 INFO [104/1506] ok WELL-00002_20170209210033.parquet (301 min, 0.0s)
2026-10-03 00:26:54,050 INFO [105/1506] ok WELL-00002_20170210070407.parquet (297 min, 0.0s)
2026-10-03 00:26:54,051 INFO [106/1506] ok WELL-00002_20170210020033.parquet (301 min, 0.0s)
2026-10-03 00:26:54,053 INFO [107/1506] ok WELL-00002_20170210120152.parquet (300 min, 0.0s)
2026-10-03 00:26:54,067 INFO [108/1506] ok WELL-00002_20170210170033.parquet (301 min, 0.0s)
2026-10-03 00:26:54,079 INFO [109/1506] ok WELL-00002_20170210220203.parquet (299 min, 0.0s)
2026-10-03 00:26:54,080 INFO [110/1506] ok WELL-00002_20170211080129.parquet (300 min, 0.0s)
2026-10-03 00:26:54,082 INFO [111/1506] ok WELL-00002_20170211030225.parquet (299 min, 0.0s)
2026-10-03 00:26:54,098 INFO [112/1506] ok WELL-00002_20170211130152.parquet (300 min, 0.0s)
2026-10-03 00:26:54,108 INFO [113/1506] ok WELL-00002_20170211180129.parquet (300 min, 0.0s)
2026-10-03 00:26:54,111 INFO [114/1506] ok WELL-00002_20170212040225.parquet (299 min, 0.0s)
2026-10-03 00:26:54,113 INFO [115/1506] ok WELL-00002_20170211230141.parquet (300 min, 0.0s)
2026-10-03 00:26:54,129 INFO [116/1506] ok WELL-00002_20170212090203.parquet (299 min, 0.0s)
2026-10-03 00:26:54,138 INFO [117/1506] ok WELL-00002_20170212190429.parquet (297 min, 0.0s)
2026-10-03 00:26:54,138 INFO [118/1506] ok WELL-00002_20170212140407.parquet (297 min, 0.0s)
2026-10-03 00:26:54,143 INFO [119/1506] ok WELL-00002_20170213000322.parquet (298 min, 0.0s)
2026-10-03 00:26:54,161 INFO [120/1506] ok WELL-00002_20170213050225.parquet (299 min, 0.0s)
2026-10-03 00:26:54,170 INFO [121/1506] ok WELL-00002_20170213150107.parquet (300 min, 0.0s)
2026-10-03 00:26:54,170 INFO [122/1506] ok WELL-00002_20170213100344.parquet (298 min, 0.0s)
2026-10-03 00:26:54,173 INFO [123/1506] ok WELL-00002_20170213200214.parquet (299 min, 0.0s)
2026-10-03 00:26:54,192 INFO [124/1506] ok WELL-00002_20170214010118.parquet (300 min, 0.0s)
2026-10-03 00:26:54,198 INFO [125/1506] ok WELL-00002_20170214060141.parquet (300 min, 0.0s)
2026-10-03 00:26:54,201 INFO [126/1506] ok WELL-00002_20170214110056.parquet (301 min, 0.0s)
2026-10-03 00:26:54,204 INFO [127/1506] ok WELL-00002_20170214160044.parquet (301 min, 0.0s)
2026-10-03 00:26:54,220 INFO [128/1506] ok WELL-00002_20170214210322.parquet (298 min, 0.0s)
2026-10-03 00:26:54,224 INFO [129/1506] ok WELL-00002_20170215020259.parquet (299 min, 0.0s)
2026-10-03 00:26:54,231 INFO [130/1506] ok WELL-00002_20170215120214.parquet (299 min, 0.0s)
2026-10-03 00:26:54,231 INFO [131/1506] ok WELL-00002_20170215070056.parquet (301 min, 0.0s)
2026-10-03 00:26:54,253 INFO [132/1506] ok WELL-00002_20170215170118.parquet (300 min, 0.0s)
2026-10-03 00:26:54,255 INFO [133/1506] ok WELL-00002_20170215220129.parquet (300 min, 0.0s)
2026-10-03 00:26:54,258 INFO [134/1506] ok WELL-00002_20170216080118.parquet (300 min, 0.0s)
2026-10-03 00:26:54,260 INFO [135/1506] ok WELL-00002_20170216030141.parquet (300 min, 0.0s)
2026-10-03 00:26:54,282 INFO [136/1506] ok WELL-00002_20170216130152.parquet (300 min, 0.0s)
2026-10-03 00:26:54,285 INFO [137/1506] ok WELL-00002_20170216180214.parquet (299 min, 0.0s)
2026-10-03 00:26:54,287 INFO [138/1506] ok WELL-00002_20170217040451.parquet (297 min, 0.0s)
2026-10-03 00:26:54,289 INFO [139/1506] ok WELL-00002_20170216230107.parquet (300 min, 0.0s)
2026-10-03 00:26:54,313 INFO [140/1506] ok WELL-00002_20170217090355.parquet (298 min, 0.0s)
2026-10-03 00:26:54,314 INFO [141/1506] ok WELL-00002_20170217140248.parquet (299 min, 0.0s)
2026-10-03 00:26:54,315 INFO [142/1506] ok WELL-00002_20170217190225.parquet (299 min, 0.0s)
2026-10-03 00:26:54,317 INFO [143/1506] ok WELL-00002_20170218000237.parquet (299 min, 0.0s)
2026-10-03 00:26:54,342 INFO [144/1506] ok WELL-00002_20170218150214.parquet (299 min, 0.0s)
2026-10-03 00:26:54,342 INFO [145/1506] ok WELL-00002_20170218050225.parquet (299 min, 0.0s)
2026-10-03 00:26:54,342 INFO [146/1506] ok WELL-00002_20170218100022.parquet (301 min, 0.0s)
2026-10-03 00:26:54,345 INFO [147/1506] ok WELL-00002_20170219010033.parquet (301 min, 0.0s)
2026-10-03 00:26:54,372 INFO [148/1506] ok WELL-00002_20170219060129.parquet (300 min, 0.0s)
2026-10-03 00:26:54,372 INFO [149/1506] ok WELL-00002_20170219110152.parquet (300 min, 0.0s)
2026-10-03 00:26:54,372 INFO [150/1506] ok WELL-00002_20170219160203.parquet (299 min, 0.0s)
2026-10-03 00:26:54,375 INFO [151/1506] ok WELL-00002_20170219210214.parquet (299 min, 0.0s)
2026-10-03 00:26:54,403 INFO [152/1506] ok WELL-00002_20170307190031.parquet (301 min, 0.0s)
2026-10-03 00:26:54,405 INFO [153/1506] ok WELL-00002_20170308050042.parquet (301 min, 0.0s)
2026-10-03 00:26:54,406 INFO [154/1506] ok WELL-00002_20170308100124.parquet (300 min, 0.0s)
2026-10-03 00:26:54,406 INFO [155/1506] ok WELL-00002_20170308000103.parquet (300 min, 0.0s)
2026-10-03 00:26:54,435 INFO [156/1506] ok WELL-00002_20170308150353.parquet (298 min, 0.0s)
2026-10-03 00:26:54,437 INFO [157/1506] ok WELL-00002_20170309060218.parquet (299 min, 0.0s)
2026-10-03 00:26:54,438 INFO [158/1506] ok WELL-00002_20170309010218.parquet (299 min, 0.0s)
2026-10-03 00:26:54,449 INFO [159/1506] ok WELL-00002_20170308200218.parquet (299 min, 0.0s)
2026-10-03 00:26:54,465 INFO [160/1506] ok WELL-00002_20170309110156.parquet (300 min, 0.0s)
2026-10-03 00:26:54,467 INFO [161/1506] ok WELL-00002_20170309210207.parquet (299 min, 0.0s)
2026-10-03 00:26:54,468 INFO [162/1506] ok WELL-00002_20170309160218.parquet (299 min, 0.0s)
2026-10-03 00:26:54,483 INFO [163/1506] ok WELL-00002_20170310020146.parquet (300 min, 0.0s)
2026-10-03 00:26:54,495 INFO [164/1506] ok WELL-00002_20170310070518.parquet (296 min, 0.0s)
2026-10-03 00:26:54,499 INFO [165/1506] ok WELL-00002_20170310120321.parquet (298 min, 0.0s)
2026-10-03 00:26:54,500 INFO [166/1506] ok WELL-00002_20170310170103.parquet (300 min, 0.0s)
2026-10-03 00:26:54,515 INFO [167/1506] ok WELL-00002_20170310220042.parquet (301 min, 0.0s)
2026-10-03 00:26:54,527 INFO [168/1506] ok WELL-00002_20170404020000.parquet (300 min, 0.0s)
2026-10-03 00:26:54,530 INFO [169/1506] ok WELL-00002_20170404070045.parquet (301 min, 0.0s)
2026-10-03 00:26:54,530 INFO [170/1506] ok WELL-00002_20170404120000.parquet (299 min, 0.0s)
2026-10-03 00:26:54,547 INFO [171/1506] ok WELL-00002_20170404170000.parquet (299 min, 0.0s)
2026-10-03 00:26:54,557 INFO [172/1506] ok WELL-00002_20170404220000.parquet (298 min, 0.0s)
2026-10-03 00:26:54,561 INFO [173/1506] ok WELL-00002_20170405030000.parquet (300 min, 0.0s)
2026-10-03 00:26:54,562 INFO [174/1506] ok WELL-00002_20170405080000.parquet (300 min, 0.0s)
2026-10-03 00:26:54,578 INFO [175/1506] ok WELL-00002_20170405130000.parquet (297 min, 0.0s)
2026-10-03 00:26:54,589 INFO [176/1506] ok WELL-00002_20170405180000.parquet (300 min, 0.0s)
2026-10-03 00:26:54,591 INFO [177/1506] ok WELL-00002_20170406040000.parquet (296 min, 0.0s)
2026-10-03 00:26:54,594 INFO [178/1506] ok WELL-00002_20170405230000.parquet (297 min, 0.0s)
2026-10-03 00:26:54,611 INFO [179/1506] ok WELL-00002_20170406090000.parquet (294 min, 0.0s)
2026-10-03 00:26:54,621 INFO [180/1506] ok WELL-00002_20170406190000.parquet (300 min, 0.0s)
2026-10-03 00:26:54,622 INFO [181/1506] ok WELL-00002_20170406140000.parquet (300 min, 0.0s)
2026-10-03 00:26:54,622 INFO [182/1506] ok WELL-00002_20170610230108.parquet (298 min, 0.0s)
2026-10-03 00:26:54,641 INFO [183/1506] ok WELL-00002_20170611040011.parquet (299 min, 0.0s)
2026-10-03 00:26:54,652 INFO [184/1506] ok WELL-00002_20170611090000.parquet (299 min, 0.0s)
2026-10-03 00:26:54,654 INFO [185/1506] ok WELL-00002_20170611140000.parquet (298 min, 0.0s)
2026-10-03 00:26:54,656 INFO [186/1506] ok WELL-00002_20170611190000.parquet (300 min, 0.0s)
2026-10-03 00:26:54,672 INFO [187/1506] ok WELL-00002_20170612000000.parquet (300 min, 0.0s)
2026-10-03 00:26:54,684 INFO [188/1506] ok WELL-00002_20170612050057.parquet (299 min, 0.0s)
2026-10-03 00:26:54,685 INFO [189/1506] ok WELL-00002_20170612100022.parquet (300 min, 0.0s)
2026-10-03 00:26:54,686 INFO [190/1506] ok WELL-00002_20170612150022.parquet (301 min, 0.0s)
2026-10-03 00:26:54,702 INFO [191/1506] ok WELL-00002_20170612200000.parquet (299 min, 0.0s)
2026-10-03 00:26:54,712 INFO [192/1506] ok WELL-00002_20170613010022.parquet (300 min, 0.0s)
2026-10-03 00:26:54,714 INFO [193/1506] ok WELL-00002_20170613060011.parquet (298 min, 0.0s)
2026-10-03 00:26:54,715 INFO [194/1506] ok WELL-00002_20170613110000.parquet (299 min, 0.0s)
2026-10-03 00:26:54,732 INFO [195/1506] ok WELL-00002_20170613160000.parquet (299 min, 0.0s)
2026-10-03 00:26:54,743 INFO [196/1506] ok WELL-00002_20170613210000.parquet (298 min, 0.0s)
2026-10-03 00:26:54,743 INFO [197/1506] ok WELL-00002_20170614020000.parquet (299 min, 0.0s)
2026-10-03 00:26:54,744 INFO [198/1506] ok WELL-00002_20170614070057.parquet (300 min, 0.0s)
2026-10-03 00:26:54,765 INFO [199/1506] ok WELL-00002_20170614120000.parquet (299 min, 0.0s)
2026-10-03 00:26:54,771 INFO [200/1506] ok WELL-00002_20170614170000.parquet (299 min, 0.0s)
2026-10-03 00:26:54,771 INFO [201/1506] ok WELL-00002_20170614220200.parquet (299 min, 0.0s)
2026-10-03 00:26:54,774 INFO [202/1506] ok WELL-00002_20170615030032.parquet (301 min, 0.0s)
2026-10-03 00:26:54,794 INFO [203/1506] ok WELL-00002_20170615080400.parquet (297 min, 0.0s)
2026-10-03 00:26:54,801 INFO [204/1506] ok WELL-00002_20170615130021.parquet (301 min, 0.0s)
2026-10-03 00:26:54,802 INFO [205/1506] ok WELL-00002_20170615180127.parquet (300 min, 0.0s)
2026-10-03 00:26:54,805 INFO [206/1506] ok WELL-00002_20170615230149.parquet (300 min, 0.0s)
2026-10-03 00:26:54,823 INFO [207/1506] ok WELL-00002_20170616040043.parquet (301 min, 0.0s)
2026-10-03 00:26:54,830 INFO [208/1506] ok WELL-00002_20170616140211.parquet (299 min, 0.0s)
2026-10-03 00:26:54,832 INFO [209/1506] ok WELL-00002_20170616090516.parquet (296 min, 0.0s)
2026-10-03 00:26:54,836 INFO [210/1506] ok WELL-00002_20170616190349.parquet (298 min, 0.0s)
2026-10-03 00:26:54,858 INFO [211/1506] ok WELL-00002_20170617000127.parquet (300 min, 0.0s)
2026-10-03 00:26:54,860 INFO [212/1506] ok WELL-00002_20170617050043.parquet (301 min, 0.0s)
2026-10-03 00:26:54,863 INFO [213/1506] ok WELL-00002_20170617100221.parquet (299 min, 0.0s)
2026-10-03 00:26:54,867 INFO [214/1506] ok WELL-00002_20170617150149.parquet (300 min, 0.0s)
2026-10-03 00:26:54,889 INFO [215/1506] ok WELL-00002_20170617210127.parquet (240 min, 0.0s)
2026-10-03 00:26:54,889 INFO [216/1506] ok WELL-00002_20170618010105.parquet (300 min, 0.0s)
2026-10-03 00:26:54,891 INFO [217/1506] ok WELL-00002_20170618060105.parquet (300 min, 0.0s)
2026-10-03 00:26:54,897 INFO [218/1506] ok WELL-00002_20170618110600.parquet (295 min, 0.0s)
2026-10-03 00:26:54,918 INFO [219/1506] ok WELL-00002_20170618210043.parquet (301 min, 0.0s)
2026-10-03 00:26:54,920 INFO [220/1506] ok WELL-00002_20170618160211.parquet (299 min, 0.0s)
2026-10-03 00:26:54,920 INFO [221/1506] ok WELL-00002_20170619020032.parquet (301 min, 0.0s)
2026-10-03 00:26:54,930 INFO [222/1506] ok WELL-00002_20170619070054.parquet (301 min, 0.0s)
2026-10-03 00:26:54,949 INFO [223/1506] ok WELL-00002_20170619120021.parquet (301 min, 0.0s)
2026-10-03 00:26:54,950 INFO [224/1506] ok WELL-00002_20170619220043.parquet (301 min, 0.0s)
2026-10-03 00:26:54,951 INFO [225/1506] ok WELL-00002_20170619170149.parquet (300 min, 0.0s)
2026-10-03 00:26:54,961 INFO [226/1506] ok WELL-00002_20170620030505.parquet (296 min, 0.0s)
2026-10-03 00:26:54,980 INFO [227/1506] ok WELL-00002_20170620180211.parquet (239 min, 0.0s)
2026-10-03 00:26:54,980 INFO [228/1506] ok WELL-00002_20170620130116.parquet (300 min, 0.0s)
2026-10-03 00:26:54,981 INFO [229/1506] ok WELL-00002_20170620080254.parquet (299 min, 0.0s)
2026-10-03 00:26:54,994 INFO [230/1506] ok WELL-00002_20170620220109.parquet (240 min, 0.0s)
2026-10-03 00:26:55,009 INFO [231/1506] ok WELL-00002_20170621120116.parquet (300 min, 0.0s)
2026-10-03 00:26:55,010 INFO [232/1506] ok WELL-00002_20170621020054.parquet (301 min, 0.0s)
2026-10-03 00:26:55,012 INFO [233/1506] ok WELL-00002_20170621070422.parquet (297 min, 0.0s)
2026-10-03 00:26:55,024 INFO [234/1506] ok WELL-00002_20170621170032.parquet (301 min, 0.0s)
2026-10-03 00:26:55,039 INFO [235/1506] ok WELL-00002_20170622030105.parquet (300 min, 0.0s)
2026-10-03 00:26:55,039 INFO [236/1506] ok WELL-00002_20170621220054.parquet (301 min, 0.0s)
2026-10-03 00:26:55,042 INFO [237/1506] ok WELL-00002_20170622080043.parquet (301 min, 0.0s)
2026-10-03 00:26:55,055 INFO [238/1506] ok WELL-00002_20170622130127.parquet (300 min, 0.0s)
2026-10-03 00:26:55,069 INFO [239/1506] ok WELL-00002_20170622230305.parquet (298 min, 0.0s)
2026-10-03 00:26:55,071 INFO [240/1506] ok WELL-00002_20170622180316.parquet (298 min, 0.0s)
2026-10-03 00:26:55,075 INFO [241/1506] ok WELL-00002_20170623040021.parquet (301 min, 0.0s)
2026-10-03 00:26:55,087 INFO [242/1506] ok WELL-00002_20170623090032.parquet (301 min, 0.0s)
2026-10-03 00:26:55,099 INFO [243/1506] ok WELL-00002_20170623190211.parquet (299 min, 0.0s)
2026-10-03 00:26:55,101 INFO [244/1506] ok WELL-00002_20170623140127.parquet (300 min, 0.0s)
2026-10-03 00:26:55,104 INFO [245/1506] ok WELL-00002_20170624000032.parquet (301 min, 0.0s)
2026-10-03 00:26:55,118 INFO [246/1506] ok WELL-00002_20170624050127.parquet (300 min, 0.0s)
2026-10-03 00:26:55,128 INFO [247/1506] ok WELL-00002_20170624100021.parquet (301 min, 0.0s)
2026-10-03 00:26:55,133 INFO [248/1506] ok WELL-00002_20170624150054.parquet (301 min, 0.0s)
2026-10-03 00:26:55,134 INFO [249/1506] ok WELL-00002_20170624200211.parquet (299 min, 0.0s)
2026-10-03 00:26:55,150 INFO [250/1506] ok WELL-00002_20170625010200.parquet (299 min, 0.0s)
2026-10-03 00:26:55,162 INFO [251/1506] ok WELL-00002_20170625110032.parquet (301 min, 0.0s)
2026-10-03 00:26:55,162 INFO [252/1506] ok WELL-00002_20170625060243.parquet (299 min, 0.0s)
2026-10-03 00:26:55,166 INFO [253/1506] ok WELL-00002_20170625160232.parquet (299 min, 0.0s)
2026-10-03 00:26:55,182 INFO [254/1506] ok WELL-00002_20170625210127.parquet (300 min, 0.0s)
2026-10-03 00:26:55,191 INFO [255/1506] ok WELL-00002_20170626020043.parquet (301 min, 0.0s)
2026-10-03 00:26:55,195 INFO [256/1506] ok WELL-00002_20170626070149.parquet (300 min, 0.0s)
2026-10-03 00:26:55,196 INFO [257/1506] ok WELL-00002_20170626120032.parquet (301 min, 0.0s)
2026-10-03 00:26:55,214 INFO [258/1506] ok WELL-00002_20170626170138.parquet (300 min, 0.0s)
2026-10-03 00:26:55,220 INFO [259/1506] ok WELL-00002_20170626220316.parquet (298 min, 0.0s)
2026-10-03 00:26:55,224 INFO [260/1506] ok WELL-00002_20170805010000.parquet (299 min, 0.0s)
2026-10-03 00:26:55,225 INFO [261/1506] ok WELL-00002_20170804200000.parquet (299 min, 0.0s)
2026-10-03 00:26:55,243 INFO [262/1506] ok WELL-00002_20170805060000.parquet (296 min, 0.0s)
2026-10-03 00:26:55,251 INFO [263/1506] ok WELL-00002_20170805110000.parquet (296 min, 0.0s)
2026-10-03 00:26:55,254 INFO [264/1506] ok WELL-00002_20170805160000.parquet (299 min, 0.0s)
2026-10-03 00:26:55,256 INFO [265/1506] ok WELL-00002_20170805210000.parquet (299 min, 0.0s)
2026-10-03 00:26:55,281 INFO [266/1506] ok WELL-00002_20170806070000.parquet (300 min, 0.0s)
2026-10-03 00:26:55,282 INFO [267/1506] ok WELL-00002_20170806120000.parquet (298 min, 0.0s)
2026-10-03 00:26:55,283 INFO [268/1506] ok WELL-00002_20170806170000.parquet (299 min, 0.0s)
2026-10-03 00:26:55,311 INFO [269/1506] ok WELL-00002_20170806220000.parquet (300 min, 0.0s)
2026-10-03 00:26:55,312 INFO [270/1506] ok WELL-00002_20170807030000.parquet (298 min, 0.0s)
2026-10-03 00:26:55,314 INFO [271/1506] ok WELL-00002_20170807080000.parquet (292 min, 0.0s)
2026-10-03 00:26:55,326 INFO [272/1506] ok WELL-00002_20170806020000.parquet (298 min, 0.1s)
2026-10-03 00:26:55,344 INFO [273/1506] ok WELL-00002_20170807180000.parquet (300 min, 0.0s)
2026-10-03 00:26:55,344 INFO [274/1506] ok WELL-00002_20170807130000.parquet (300 min, 0.0s)
2026-10-03 00:26:55,345 INFO [275/1506] ok WELL-00002_20170807230000.parquet (299 min, 0.0s)
2026-10-03 00:26:55,358 INFO [276/1506] ok WELL-00002_20170808040000.parquet (300 min, 0.0s)
2026-10-03 00:26:55,372 INFO [277/1506] ok WELL-00002_20170808090000.parquet (298 min, 0.0s)
2026-10-03 00:26:55,373 INFO [278/1506] ok WELL-00002_20170808190026.parquet (301 min, 0.0s)
2026-10-03 00:26:55,373 INFO [279/1506] ok WELL-00002_20170808140000.parquet (300 min, 0.0s)
2026-10-03 00:26:55,389 INFO [280/1506] ok WELL-00002_20170809000000.parquet (300 min, 0.0s)
2026-10-03 00:26:55,402 INFO [281/1506] ok WELL-00002_20170809100000.parquet (299 min, 0.0s)
2026-10-03 00:26:55,402 INFO [282/1506] ok WELL-00002_20170809150026.parquet (301 min, 0.0s)
2026-10-03 00:26:55,403 INFO [283/1506] ok WELL-00002_20170809050000.parquet (299 min, 0.0s)
2026-10-03 00:26:55,421 INFO [284/1506] ok WELL-00002_20170809200000.parquet (299 min, 0.0s)
2026-10-03 00:26:55,433 INFO [285/1506] ok WELL-00002_20170810010026.parquet (300 min, 0.0s)
2026-10-03 00:26:55,435 INFO [286/1506] ok WELL-00002_20170810060000.parquet (299 min, 0.0s)
2026-10-03 00:26:55,436 INFO [287/1506] ok WELL-00002_20170810110000.parquet (289 min, 0.0s)
2026-10-03 00:26:55,455 INFO [288/1506] ok WELL-00002_20170810160000.parquet (300 min, 0.0s)
2026-10-03 00:26:55,464 INFO [289/1506] ok WELL-00002_20170811070000.parquet (298 min, 0.0s)
2026-10-03 00:26:55,465 INFO [290/1506] ok WELL-00002_20170811020000.parquet (299 min, 0.0s)
2026-10-03 00:26:55,467 INFO [291/1506] ok WELL-00002_20170810210000.parquet (297 min, 0.0s)
2026-10-03 00:26:55,487 INFO [292/1506] ok WELL-00002_20170811120000.parquet (292 min, 0.0s)
2026-10-03 00:26:55,495 INFO [293/1506] ok WELL-00002_20170811170000.parquet (300 min, 0.0s)
2026-10-03 00:26:55,495 INFO [294/1506] ok WELL-00002_20170811220000.parquet (299 min, 0.0s)
2026-10-03 00:26:55,497 INFO [295/1506] ok WELL-00002_20170812030000.parquet (300 min, 0.0s)
2026-10-03 00:26:55,517 INFO [296/1506] ok WELL-00002_20170812080000.parquet (299 min, 0.0s)
2026-10-03 00:26:55,525 INFO [297/1506] ok WELL-00002_20170812180000.parquet (298 min, 0.0s)
2026-10-03 00:26:55,525 INFO [298/1506] ok WELL-00002_20170812130000.parquet (293 min, 0.0s)
2026-10-03 00:26:55,526 INFO [299/1506] ok WELL-00002_20170812230000.parquet (299 min, 0.0s)
2026-10-03 00:26:55,550 INFO [300/1506] ok WELL-00002_20170813040000.parquet (300 min, 0.0s)
2026-10-03 00:26:55,554 INFO [301/1506] ok WELL-00002_20170813090000.parquet (299 min, 0.0s)
2026-10-03 00:26:55,555 INFO [302/1506] ok WELL-00002_20170813140000.parquet (299 min, 0.0s)
2026-10-03 00:26:55,558 INFO [303/1506] ok WELL-00003_20170514000000.parquet (299 min, 0.0s)
2026-10-03 00:26:55,578 INFO [304/1506] ok WELL-00003_20170514050000.parquet (293 min, 0.0s)
2026-10-03 00:26:55,583 INFO [305/1506] ok WELL-00003_20170514150000.parquet (294 min, 0.0s)
2026-10-03 00:26:55,584 INFO [306/1506] ok WELL-00003_20170514100000.parquet (294 min, 0.0s)
2026-10-03 00:26:55,585 INFO [307/1506] ok WELL-00003_20170807090000.parquet (300 min, 0.0s)
2026-10-03 00:26:55,607 INFO [308/1506] ok WELL-00003_20170812010116.parquet (294 min, 0.0s)
2026-10-03 00:26:55,610 INFO [309/1506] ok WELL-00003_20170812110000.parquet (299 min, 0.0s)
2026-10-03 00:26:55,610 INFO [310/1506] ok WELL-00003_20170812060038.parquet (296 min, 0.0s)
2026-10-03 00:26:55,611 INFO [311/1506] ok WELL-00003_20170812160025.parquet (299 min, 0.0s)
2026-10-03 00:26:55,636 INFO [312/1506] ok WELL-00003_20170812210116.parquet (297 min, 0.0s)
2026-10-03 00:26:55,638 INFO [313/1506] ok WELL-00003_20170813120131.parquet (298 min, 0.0s)
2026-10-03 00:26:55,639 INFO [314/1506] ok WELL-00003_20170813070105.parquet (298 min, 0.0s)
2026-10-03 00:26:55,639 INFO [315/1506] ok WELL-00003_20170813020000.parquet (296 min, 0.0s)
2026-10-03 00:26:55,665 INFO [316/1506] ok WELL-00003_20170820220053.parquet (301 min, 0.0s)
2026-10-03 00:26:55,665 INFO [317/1506] ok WELL-00003_20170813170118.parquet (298 min, 0.0s)
2026-10-03 00:26:55,668 INFO [318/1506] ok WELL-00003_20170821080300.parquet (298 min, 0.0s)
2026-10-03 00:26:55,669 INFO [319/1506] ok WELL-00003_20170821030114.parquet (300 min, 0.0s)
2026-10-03 00:26:55,698 INFO [320/1506] ok WELL-00003_20170914200000.parquet (299 min, 0.0s)
2026-10-03 00:26:55,698 INFO [321/1506] ok WELL-00003_20170914150000.parquet (299 min, 0.0s)
2026-10-03 00:26:55,699 INFO [322/1506] ok WELL-00003_20170821130207.parquet (299 min, 0.0s)
2026-10-03 00:26:55,701 INFO [323/1506] ok WELL-00003_20170914100000.parquet (299 min, 0.0s)
2026-10-03 00:26:55,728 INFO [324/1506] ok WELL-00003_20170915060000.parquet (298 min, 0.0s)
2026-10-03 00:26:55,728 INFO [325/1506] ok WELL-00003_20170915110000.parquet (298 min, 0.0s)
2026-10-03 00:26:55,728 INFO [326/1506] ok WELL-00003_20170915010000.parquet (299 min, 0.0s)
2026-10-03 00:26:55,728 INFO [327/1506] ok WELL-00003_20170915160000.parquet (300 min, 0.0s)
2026-10-03 00:26:55,755 INFO [328/1506] ok WELL-00004_20140806230129.parquet (120 min, 0.0s)
2026-10-03 00:26:55,755 INFO [329/1506] ok WELL-00004_20140806210033.parquet (121 min, 0.0s)
2026-10-03 00:26:55,756 INFO [330/1506] ok WELL-00004_20140807010107.parquet (120 min, 0.0s)
2026-10-03 00:26:55,756 INFO [331/1506] ok WELL-00003_20170915210000.parquet (300 min, 0.0s)
2026-10-03 00:26:55,781 INFO [332/1506] ok WELL-00004_20140807050141.parquet (120 min, 0.0s)
2026-10-03 00:26:55,782 INFO [333/1506] ok WELL-00004_20140807070055.parquet (121 min, 0.0s)
2026-10-03 00:26:55,782 INFO [334/1506] ok WELL-00004_20140807090112.parquet (120 min, 0.0s)
2026-10-03 00:26:55,783 INFO [335/1506] ok WELL-00004_20140807030137.parquet (120 min, 0.0s)
2026-10-03 00:26:55,809 INFO [336/1506] ok WELL-00004_20140807110112.parquet (120 min, 0.0s)
2026-10-03 00:26:55,809 INFO [337/1506] ok WELL-00004_20140807130038.parquet (121 min, 0.0s)
2026-10-03 00:26:55,809 INFO [338/1506] ok WELL-00004_20140807150311.parquet (118 min, 0.0s)
2026-10-03 00:26:55,810 INFO [339/1506] ok WELL-00004_20140807170050.parquet (121 min, 0.0s)
2026-10-03 00:26:55,837 INFO [340/1506] ok WELL-00005_20170331050014.parquet (299 min, 0.0s)
2026-10-03 00:26:55,837 INFO [341/1506] ok WELL-00004_20140807190042.parquet (121 min, 0.0s)
2026-10-03 00:26:55,839 INFO [342/1506] ok WELL-00005_20170331100000.parquet (298 min, 0.0s)
2026-10-03 00:26:55,840 INFO [343/1506] ok WELL-00005_20170331150000.parquet (299 min, 0.0s)
2026-10-03 00:26:55,868 INFO [344/1506] ok WELL-00005_20170401010000.parquet (299 min, 0.0s)
2026-10-03 00:26:55,868 INFO [345/1506] ok WELL-00005_20170331200112.parquet (300 min, 0.0s)
2026-10-03 00:26:55,868 INFO [346/1506] ok WELL-00005_20170401060000.parquet (300 min, 0.0s)
2026-10-03 00:26:55,871 INFO [347/1506] ok WELL-00005_20170401110141.parquet (299 min, 0.0s)
2026-10-03 00:26:55,898 INFO [348/1506] ok WELL-00005_20170401210156.parquet (299 min, 0.0s)
2026-10-03 00:26:55,898 INFO [349/1506] ok WELL-00005_20170401160000.parquet (300 min, 0.0s)
2026-10-03 00:26:55,898 INFO [350/1506] ok WELL-00005_20170402070043.parquet (300 min, 0.0s)
2026-10-03 00:26:55,900 INFO [351/1506] ok WELL-00005_20170402020029.parquet (299 min, 0.0s)
2026-10-03 00:26:55,930 INFO [352/1506] ok WELL-00005_20170402170043.parquet (299 min, 0.0s)
2026-10-03 00:26:55,931 INFO [353/1506] ok WELL-00005_20170403030000.parquet (299 min, 0.0s)
2026-10-03 00:26:55,931 INFO [354/1506] ok WELL-00005_20170402220127.parquet (298 min, 0.0s)
2026-10-03 00:26:55,932 INFO [355/1506] ok WELL-00005_20170402120029.parquet (298 min, 0.0s)
2026-10-03 00:26:55,961 INFO [356/1506] ok WELL-00005_20170403180000.parquet (299 min, 0.0s)
2026-10-03 00:26:55,961 INFO [357/1506] ok WELL-00005_20170403080000.parquet (299 min, 0.0s)
2026-10-03 00:26:55,962 INFO [358/1506] ok WELL-00005_20170403130000.parquet (299 min, 0.0s)
2026-10-03 00:26:55,965 INFO [359/1506] ok WELL-00005_20170403230043.parquet (301 min, 0.0s)
2026-10-03 00:26:55,989 INFO [360/1506] ok WELL-00005_20170516040046.parquet (179 min, 0.0s)
2026-10-03 00:26:55,990 INFO [361/1506] ok WELL-00005_20170516070038.parquet (181 min, 0.0s)
2026-10-03 00:26:55,990 INFO [362/1506] ok WELL-00005_20170516100000.parquet (179 min, 0.0s)
2026-10-03 00:26:55,993 INFO [363/1506] ok WELL-00005_20170516130007.parquet (179 min, 0.0s)
2026-10-03 00:26:56,017 INFO [364/1506] ok WELL-00005_20170516160000.parquet (179 min, 0.0s)
2026-10-03 00:26:56,017 INFO [365/1506] ok WELL-00005_20170516190038.parquet (179 min, 0.0s)
2026-10-03 00:26:56,018 INFO [366/1506] ok WELL-00005_20170516220000.parquet (180 min, 0.0s)
2026-10-03 00:26:56,020 INFO [367/1506] ok WELL-00005_20170812100000.parquet (176 min, 0.0s)
2026-10-03 00:26:56,043 INFO [368/1506] ok WELL-00005_20170812130000.parquet (175 min, 0.0s)
2026-10-03 00:26:56,044 INFO [369/1506] ok WELL-00005_20170812190000.parquet (176 min, 0.0s)
2026-10-03 00:26:56,048 INFO [370/1506] ok WELL-00005_20170812160000.parquet (173 min, 0.0s)
2026-10-03 00:26:56,053 INFO [371/1506] ok WELL-00005_20170812220000.parquet (180 min, 0.0s)
2026-10-03 00:26:56,072 INFO [372/1506] ok WELL-00005_20170813040000.parquet (176 min, 0.0s)
2026-10-03 00:26:56,072 INFO [373/1506] ok WELL-00005_20170813010000.parquet (177 min, 0.0s)
2026-10-03 00:26:56,077 INFO [374/1506] ok WELL-00005_20170813070000.parquet (180 min, 0.0s)
2026-10-03 00:26:56,078 INFO [375/1506] ok WELL-00005_20170813100000.parquet (178 min, 0.0s)
2026-10-03 00:26:56,098 INFO [376/1506] ok WELL-00005_20170813130000.parquet (180 min, 0.0s)
2026-10-03 00:26:56,099 INFO [377/1506] ok WELL-00005_20170813160000.parquet (179 min, 0.0s)
2026-10-03 00:26:56,105 INFO [378/1506] ok WELL-00005_20170813190000.parquet (179 min, 0.0s)
2026-10-03 00:26:56,106 INFO [379/1506] ok WELL-00005_20170813220000.parquet (180 min, 0.0s)
2026-10-03 00:26:56,126 INFO [380/1506] ok WELL-00005_20170814040000.parquet (179 min, 0.0s)
2026-10-03 00:26:56,127 INFO [381/1506] ok WELL-00005_20170814010000.parquet (177 min, 0.0s)
2026-10-03 00:26:56,129 INFO [382/1506] ok WELL-00005_20170814070000.parquet (179 min, 0.0s)
2026-10-03 00:26:56,134 INFO [383/1506] ok WELL-00005_20170814100000.parquet (173 min, 0.0s)
2026-10-03 00:26:56,155 INFO [384/1506] ok WELL-00005_20170814130000.parquet (180 min, 0.0s)
2026-10-03 00:26:56,157 INFO [385/1506] ok WELL-00005_20170814190000.parquet (180 min, 0.0s)
2026-10-03 00:26:56,158 INFO [386/1506] ok WELL-00005_20170814160000.parquet (175 min, 0.0s)
2026-10-03 00:26:56,163 INFO [387/1506] ok WELL-00005_20170814220000.parquet (174 min, 0.0s)
2026-10-03 00:26:56,183 INFO [388/1506] ok WELL-00005_20170815040000.parquet (178 min, 0.0s)
2026-10-03 00:26:56,185 INFO [389/1506] ok WELL-00005_20170815100000.parquet (176 min, 0.0s)
2026-10-03 00:26:56,186 INFO [390/1506] ok WELL-00005_20170815070000.parquet (178 min, 0.0s)
2026-10-03 00:26:56,191 INFO [391/1506] ok WELL-00005_20170815130000.parquet (178 min, 0.0s)
2026-10-03 00:26:56,210 INFO [392/1506] ok WELL-00005_20170815160000.parquet (178 min, 0.0s)
2026-10-03 00:26:56,213 INFO [393/1506] ok WELL-00005_20170815220000.parquet (178 min, 0.0s)
2026-10-03 00:26:56,215 INFO [394/1506] ok WELL-00005_20170815190000.parquet (179 min, 0.0s)
2026-10-03 00:26:56,223 INFO [395/1506] ok WELL-00005_20170816010000.parquet (178 min, 0.0s)
2026-10-03 00:26:56,238 INFO [396/1506] ok WELL-00005_20170816040000.parquet (180 min, 0.0s)
2026-10-03 00:26:56,239 INFO [397/1506] ok WELL-00005_20170816070000.parquet (179 min, 0.0s)
2026-10-03 00:26:56,240 INFO [398/1506] ok WELL-00005_20170816100000.parquet (179 min, 0.0s)
2026-10-03 00:26:56,249 INFO [399/1506] ok WELL-00005_20170816130000.parquet (175 min, 0.0s)
2026-10-03 00:26:56,265 INFO [400/1506] ok WELL-00005_20170816160000.parquet (177 min, 0.0s)
2026-10-03 00:26:56,269 INFO [401/1506] ok WELL-00005_20170816190000.parquet (180 min, 0.0s)
2026-10-03 00:26:56,270 INFO [402/1506] ok WELL-00005_20170816220000.parquet (180 min, 0.0s)
2026-10-03 00:26:56,279 INFO [403/1506] ok WELL-00005_20170817010000.parquet (180 min, 0.0s)
2026-10-03 00:26:56,291 INFO [404/1506] ok WELL-00005_20170817040000.parquet (177 min, 0.0s)
2026-10-03 00:26:56,295 INFO [405/1506] ok WELL-00005_20170817100000.parquet (178 min, 0.0s)
2026-10-03 00:26:56,301 INFO [406/1506] ok WELL-00005_20170817070000.parquet (180 min, 0.0s)
2026-10-03 00:26:56,307 INFO [407/1506] ok WELL-00005_20170817130000.parquet (179 min, 0.0s)
2026-10-03 00:26:56,319 INFO [408/1506] ok WELL-00005_20170817160000.parquet (176 min, 0.0s)
2026-10-03 00:26:56,324 INFO [409/1506] ok WELL-00005_20170817190000.parquet (178 min, 0.0s)
2026-10-03 00:26:56,328 INFO [410/1506] ok WELL-00005_20170830050000.parquet (180 min, 0.0s)
2026-10-03 00:26:56,336 INFO [411/1506] ok WELL-00005_20170830080000.parquet (179 min, 0.0s)
2026-10-03 00:26:56,347 INFO [412/1506] ok WELL-00005_20170830110000.parquet (178 min, 0.0s)
2026-10-03 00:26:56,353 INFO [413/1506] ok WELL-00005_20170830140000.parquet (180 min, 0.0s)
2026-10-03 00:26:56,354 INFO [414/1506] ok WELL-00005_20170830170000.parquet (178 min, 0.0s)
2026-10-03 00:26:56,363 INFO [415/1506] ok WELL-00005_20170830200000.parquet (179 min, 0.0s)
2026-10-03 00:26:56,375 INFO [416/1506] ok WELL-00005_20170910020004.parquet (120 min, 0.0s)
2026-10-03 00:26:56,379 INFO [417/1506] ok WELL-00005_20170910040000.parquet (119 min, 0.0s)
2026-10-03 00:26:56,380 INFO [418/1506] ok WELL-00005_20170910060000.parquet (120 min, 0.0s)
2026-10-03 00:26:56,390 INFO [419/1506] ok WELL-00005_20170910080000.parquet (119 min, 0.0s)
2026-10-03 00:26:56,400 INFO [420/1506] ok WELL-00005_20170910100000.parquet (119 min, 0.0s)
2026-10-03 00:26:56,408 INFO [421/1506] ok WELL-00005_20170910120000.parquet (118 min, 0.0s)
2026-10-03 00:26:56,412 INFO [422/1506] ok WELL-00006_20170206210031.parquet (301 min, 0.0s)
2026-10-03 00:26:56,420 INFO [423/1506] ok WELL-00006_20170207020135.parquet (300 min, 0.0s)
2026-10-03 00:26:56,432 INFO [424/1506] ok WELL-00006_20170207070124.parquet (300 min, 0.0s)
2026-10-03 00:26:56,438 INFO [425/1506] ok WELL-00006_20170207120228.parquet (299 min, 0.0s)
2026-10-03 00:26:56,443 INFO [426/1506] ok WELL-00006_20170207170042.parquet (301 min, 0.0s)
2026-10-03 00:26:56,452 INFO [427/1506] ok WELL-00006_20170207220207.parquet (299 min, 0.0s)
2026-10-03 00:26:56,463 INFO [428/1506] ok WELL-00006_20170208030124.parquet (300 min, 0.0s)
2026-10-03 00:26:56,471 INFO [429/1506] ok WELL-00006_20170208080053.parquet (301 min, 0.0s)
2026-10-03 00:26:56,473 INFO [430/1506] ok WELL-00006_20170208130146.parquet (300 min, 0.0s)
2026-10-03 00:26:56,482 INFO [431/1506] ok WELL-00006_20170208180207.parquet (299 min, 0.0s)
2026-10-03 00:26:56,495 INFO [432/1506] ok WELL-00006_20170208230114.parquet (300 min, 0.0s)
2026-10-03 00:26:56,503 INFO [433/1506] ok WELL-00006_20170209040042.parquet (301 min, 0.0s)
2026-10-03 00:26:56,503 INFO [434/1506] ok WELL-00006_20170209090207.parquet (299 min, 0.0s)
2026-10-03 00:26:56,512 INFO [435/1506] ok WELL-00006_20170209140146.parquet (300 min, 0.0s)
2026-10-03 00:26:56,526 INFO [436/1506] ok WELL-00006_20170209190114.parquet (300 min, 0.0s)
2026-10-03 00:26:56,531 INFO [437/1506] ok WELL-00006_20170221230000.parquet (300 min, 0.0s)
2026-10-03 00:26:56,532 INFO [438/1506] ok WELL-00006_20170210000135.parquet (300 min, 0.0s)
2026-10-03 00:26:56,542 INFO [439/1506] ok WELL-00006_20170222040000.parquet (299 min, 0.0s)
2026-10-03 00:26:56,556 INFO [440/1506] ok WELL-00006_20170222090000.parquet (299 min, 0.0s)
2026-10-03 00:26:56,561 INFO [441/1506] ok WELL-00006_20170222140000.parquet (300 min, 0.0s)
2026-10-03 00:26:56,564 INFO [442/1506] ok WELL-00006_20170222190000.parquet (300 min, 0.0s)
2026-10-03 00:26:56,572 INFO [443/1506] ok WELL-00006_20170223000000.parquet (299 min, 0.0s)
2026-10-03 00:26:56,587 INFO [444/1506] ok WELL-00006_20170223050000.parquet (299 min, 0.0s)
2026-10-03 00:26:56,593 INFO [445/1506] ok WELL-00006_20170223100000.parquet (299 min, 0.0s)
2026-10-03 00:26:56,595 INFO [446/1506] ok WELL-00006_20170223150000.parquet (300 min, 0.0s)
2026-10-03 00:26:56,603 INFO [447/1506] ok WELL-00006_20170223200000.parquet (299 min, 0.0s)
2026-10-03 00:26:56,619 INFO [448/1506] ok WELL-00006_20170224010000.parquet (298 min, 0.0s)
2026-10-03 00:26:56,623 INFO [449/1506] ok WELL-00006_20170224060000.parquet (298 min, 0.0s)
2026-10-03 00:26:56,625 INFO [450/1506] ok WELL-00006_20170224110025.parquet (301 min, 0.0s)
2026-10-03 00:26:56,633 INFO [451/1506] ok WELL-00006_20170224160000.parquet (300 min, 0.0s)
2026-10-03 00:26:56,648 INFO [452/1506] ok WELL-00006_20170505200021.parquet (301 min, 0.0s)
2026-10-03 00:26:56,650 INFO [453/1506] ok WELL-00006_20170506010103.parquet (300 min, 0.0s)
2026-10-03 00:26:56,652 INFO [454/1506] ok WELL-00006_20170506060114.parquet (300 min, 0.0s)
2026-10-03 00:26:56,663 INFO [455/1506] ok WELL-00006_20170506110042.parquet (301 min, 0.0s)
2026-10-03 00:26:56,680 INFO [456/1506] ok WELL-00006_20170506160053.parquet (301 min, 0.0s)
2026-10-03 00:26:56,680 INFO [457/1506] ok WELL-00006_20170506210103.parquet (300 min, 0.0s)
2026-10-03 00:26:56,682 INFO [458/1506] ok WELL-00006_20170507020249.parquet (299 min, 0.0s)
2026-10-03 00:26:56,698 INFO [459/1506] ok WELL-00006_20170507070124.parquet (300 min, 0.0s)
2026-10-03 00:26:56,712 INFO [460/1506] ok WELL-00006_20170507170103.parquet (300 min, 0.0s)
2026-10-03 00:26:56,713 INFO [461/1506] ok WELL-00006_20170507120135.parquet (300 min, 0.0s)
2026-10-03 00:26:56,716 INFO [462/1506] ok WELL-00006_20170507220053.parquet (301 min, 0.0s)
2026-10-03 00:26:56,732 INFO [463/1506] ok WELL-00006_20170508030021.parquet (301 min, 0.0s)
2026-10-03 00:26:56,742 INFO [464/1506] ok WELL-00006_20170508080031.parquet (301 min, 0.0s)
2026-10-03 00:26:56,744 INFO [465/1506] ok WELL-00006_20170508130053.parquet (301 min, 0.0s)
2026-10-03 00:26:56,746 INFO [466/1506] ok WELL-00006_20170508180053.parquet (301 min, 0.0s)
2026-10-03 00:26:56,765 INFO [467/1506] ok WELL-00006_20170508230053.parquet (301 min, 0.0s)
2026-10-03 00:26:56,774 INFO [468/1506] ok WELL-00006_20170509040031.parquet (301 min, 0.0s)
2026-10-03 00:26:56,776 INFO [469/1506] ok WELL-00006_20170509090135.parquet (300 min, 0.0s)
2026-10-03 00:26:56,780 INFO [470/1506] ok WELL-00006_20170509140042.parquet (301 min, 0.0s)
2026-10-03 00:26:56,796 INFO [471/1506] ok WELL-00006_20170509190135.parquet (300 min, 0.0s)
2026-10-03 00:26:56,806 INFO [472/1506] ok WELL-00006_20170815100000.parquet (299 min, 0.0s)
2026-10-03 00:26:56,806 INFO [473/1506] ok WELL-00006_20170815050000.parquet (300 min, 0.0s)
2026-10-03 00:26:56,808 INFO [474/1506] ok WELL-00006_20170815150000.parquet (299 min, 0.0s)
2026-10-03 00:26:56,827 INFO [475/1506] ok WELL-00006_20170815200000.parquet (299 min, 0.0s)
2026-10-03 00:26:56,835 INFO [476/1506] ok WELL-00006_20170816060000.parquet (297 min, 0.0s)
2026-10-03 00:26:56,835 INFO [477/1506] ok WELL-00006_20170816010000.parquet (297 min, 0.0s)
2026-10-03 00:26:56,839 INFO [478/1506] ok WELL-00006_20170816110000.parquet (294 min, 0.0s)
2026-10-03 00:26:56,859 INFO [479/1506] ok WELL-00006_20170816160000.parquet (299 min, 0.0s)
2026-10-03 00:26:56,866 INFO [480/1506] ok WELL-00006_20170817020000.parquet (300 min, 0.0s)
2026-10-03 00:26:56,866 INFO [481/1506] ok WELL-00006_20170816210000.parquet (295 min, 0.0s)
2026-10-03 00:26:56,870 INFO [482/1506] ok WELL-00006_20170817070000.parquet (294 min, 0.0s)
2026-10-03 00:26:56,890 INFO [483/1506] ok WELL-00006_20170817120000.parquet (300 min, 0.0s)
2026-10-03 00:26:56,897 INFO [484/1506] ok WELL-00006_20170817220000.parquet (298 min, 0.0s)
2026-10-03 00:26:56,899 INFO [485/1506] ok WELL-00006_20170817170000.parquet (299 min, 0.0s)
2026-10-03 00:26:56,901 INFO [486/1506] ok WELL-00006_20170818030000.parquet (298 min, 0.0s)
2026-10-03 00:26:56,923 INFO [487/1506] ok WELL-00006_20170818080000.parquet (300 min, 0.0s)
2026-10-03 00:26:56,930 INFO [488/1506] ok WELL-00006_20170818130000.parquet (299 min, 0.0s)
2026-10-03 00:26:56,931 INFO [489/1506] ok WELL-00006_20170818180000.parquet (296 min, 0.0s)
2026-10-03 00:26:56,933 INFO [490/1506] ok WELL-00006_20170818230000.parquet (295 min, 0.0s)
2026-10-03 00:26:56,954 INFO [491/1506] ok WELL-00006_20170819040000.parquet (296 min, 0.0s)
2026-10-03 00:26:56,962 INFO [492/1506] ok WELL-00006_20170819090000.parquet (300 min, 0.0s)
2026-10-03 00:26:56,963 INFO [493/1506] ok WELL-00006_20170819190000.parquet (298 min, 0.0s)
2026-10-03 00:26:56,964 INFO [494/1506] ok WELL-00006_20170819140000.parquet (297 min, 0.0s)
2026-10-03 00:26:56,987 INFO [495/1506] ok WELL-00006_20170820000000.parquet (296 min, 0.0s)
2026-10-03 00:26:56,995 INFO [496/1506] ok WELL-00006_20170820050000.parquet (300 min, 0.0s)
2026-10-03 00:26:56,999 INFO [497/1506] ok WELL-00006_20170820150000.parquet (299 min, 0.0s)
2026-10-03 00:26:56,999 INFO [498/1506] ok WELL-00006_20170820100000.parquet (300 min, 0.0s)
2026-10-03 00:26:57,025 INFO [499/1506] ok WELL-00006_20170820200000.parquet (298 min, 0.0s)
2026-10-03 00:26:57,029 INFO [500/1506] ok WELL-00006_20170821110000.parquet (297 min, 0.0s)
2026-10-03 00:26:57,030 INFO [501/1506] ok WELL-00006_20170821010000.parquet (299 min, 0.0s)
2026-10-03 00:26:57,031 INFO [502/1506] ok WELL-00006_20170821060000.parquet (300 min, 0.0s)
2026-10-03 00:26:57,058 INFO [503/1506] ok WELL-00006_20170821160000.parquet (299 min, 0.0s)
2026-10-03 00:26:57,060 INFO [504/1506] ok WELL-00006_20170821210000.parquet (298 min, 0.0s)
2026-10-03 00:26:57,061 INFO [505/1506] ok WELL-00006_20170822170000.parquet (299 min, 0.0s)
2026-10-03 00:26:57,062 INFO [506/1506] ok WELL-00006_20170822020000.parquet (299 min, 0.0s)
2026-10-03 00:26:57,087 INFO [507/1506] ok WELL-00006_20170822220000.parquet (299 min, 0.0s)
2026-10-03 00:26:57,090 INFO [508/1506] ok WELL-00006_20170823030000.parquet (300 min, 0.0s)
2026-10-03 00:26:57,091 INFO [509/1506] ok WELL-00006_20170823080000.parquet (299 min, 0.0s)
2026-10-03 00:26:57,091 INFO [510/1506] ok WELL-00006_20170823130000.parquet (297 min, 0.0s)
2026-10-03 00:26:57,118 INFO [511/1506] ok WELL-00006_20170823180000.parquet (300 min, 0.0s)
2026-10-03 00:26:57,119 INFO [512/1506] ok WELL-00006_20170823230000.parquet (299 min, 0.0s)
2026-10-03 00:26:57,120 INFO [513/1506] ok WELL-00006_20170824090000.parquet (300 min, 0.0s)
2026-10-03 00:26:57,120 INFO [514/1506] ok WELL-00006_20170824040000.parquet (298 min, 0.0s)
2026-10-03 00:26:57,149 INFO [515/1506] ok WELL-00006_20170824190135.parquet (300 min, 0.0s)
2026-10-03 00:26:57,149 INFO [516/1506] ok WELL-00006_20170825050135.parquet (300 min, 0.0s)
2026-10-03 00:26:57,151 INFO [517/1506] ok WELL-00006_20170824140000.parquet (298 min, 0.0s)
2026-10-03 00:26:57,151 INFO [518/1506] ok WELL-00006_20170825000042.parquet (301 min, 0.0s)
2026-10-03 00:26:57,179 INFO [519/1506] ok WELL-00006_20170826010207.parquet (299 min, 0.0s)
2026-10-03 00:26:57,180 INFO [520/1506] ok WELL-00006_20170825100249.parquet (299 min, 0.0s)
2026-10-03 00:26:57,180 INFO [521/1506] ok WELL-00006_20170825200053.parquet (301 min, 0.0s)
2026-10-03 00:26:57,180 INFO [522/1506] ok WELL-00006_20170825150135.parquet (300 min, 0.0s)
2026-10-03 00:26:57,207 INFO [523/1506] ok WELL-00006_20170826060135.parquet (300 min, 0.0s)
2026-10-03 00:26:57,208 INFO [524/1506] ok WELL-00006_20170826210114.parquet (300 min, 0.0s)
2026-10-03 00:26:57,210 INFO [525/1506] ok WELL-00006_20170826110103.parquet (300 min, 0.0s)
2026-10-03 00:26:57,212 INFO [526/1506] ok WELL-00006_20170826160103.parquet (300 min, 0.0s)
2026-10-03 00:26:57,236 INFO [527/1506] ok WELL-00006_20170827020218.parquet (299 min, 0.0s)
2026-10-03 00:26:57,237 INFO [528/1506] ok WELL-00006_20170827070114.parquet (300 min, 0.0s)
2026-10-03 00:26:57,239 INFO [529/1506] ok WELL-00006_20170827170146.parquet (300 min, 0.0s)
2026-10-03 00:26:57,239 INFO [530/1506] ok WELL-00006_20170827120321.parquet (298 min, 0.0s)
2026-10-03 00:26:57,266 INFO [531/1506] ok WELL-00006_20170827220218.parquet (299 min, 0.0s)
2026-10-03 00:26:57,267 INFO [532/1506] ok WELL-00006_20170828030343.parquet (298 min, 0.0s)
2026-10-03 00:26:57,269 INFO [533/1506] ok WELL-00006_20170828080311.parquet (298 min, 0.0s)
2026-10-03 00:26:57,271 INFO [534/1506] ok WELL-00006_20170828130031.parquet (301 min, 0.0s)
2026-10-03 00:26:57,293 INFO [535/1506] ok WELL-00007_20170801170000.parquet (120 min, 0.0s)
2026-10-03 00:26:57,294 INFO [536/1506] ok WELL-00007_20170801190000.parquet (120 min, 0.0s)
2026-10-03 00:26:57,296 INFO [537/1506] ok WELL-00008_20170611020246.parquet (296 min, 0.0s)
2026-10-03 00:26:57,298 INFO [538/1506] ok WELL-00008_20170610210246.parquet (295 min, 0.0s)
2026-10-03 00:26:57,320 INFO [539/1506] ok WELL-00008_20170611070445.parquet (294 min, 0.0s)
2026-10-03 00:26:57,324 INFO [540/1506] ok WELL-00008_20170611170123.parquet (297 min, 0.0s)
2026-10-03 00:26:57,325 INFO [541/1506] ok WELL-00008_20170611120123.parquet (296 min, 0.0s)
2026-10-03 00:26:57,328 INFO [542/1506] ok WELL-00008_20170611220123.parquet (298 min, 0.0s)
2026-10-03 00:26:57,350 INFO [543/1506] ok WELL-00008_20170612030000.parquet (299 min, 0.0s)
2026-10-03 00:26:57,350 INFO [544/1506] ok WELL-00008_20170612080246.parquet (296 min, 0.0s)
2026-10-03 00:26:57,352 INFO [545/1506] ok WELL-00008_20170612130047.parquet (299 min, 0.0s)
2026-10-03 00:26:57,355 INFO [546/1506] ok WELL-00008_20170612180111.parquet (298 min, 0.0s)
2026-10-03 00:26:57,377 INFO [547/1506] ok WELL-00008_20170612230222.parquet (297 min, 0.0s)
2026-10-03 00:26:57,377 INFO [548/1506] ok WELL-00008_20170613210222.parquet (296 min, 0.0s)
2026-10-03 00:26:57,377 INFO [549/1506] ok WELL-00008_20170614020135.parquet (298 min, 0.0s)
2026-10-03 00:26:57,380 INFO [550/1506] ok WELL-00008_20170614070246.parquet (295 min, 0.0s)
2026-10-03 00:26:57,404 INFO [551/1506] ok WELL-00008_20170614220333.parquet (294 min, 0.0s)
2026-10-03 00:26:57,405 INFO [552/1506] ok WELL-00008_20170614170123.parquet (298 min, 0.0s)
2026-10-03 00:26:57,406 INFO [553/1506] ok WELL-00008_20170614120135.parquet (295 min, 0.0s)
2026-10-03 00:26:57,408 INFO [554/1506] ok WELL-00008_20170615030123.parquet (298 min, 0.0s)
2026-10-03 00:26:57,432 INFO [555/1506] ok WELL-00008_20170615130310.parquet (294 min, 0.0s)
2026-10-03 00:26:57,432 INFO [556/1506] ok WELL-00008_20170615180111.parquet (296 min, 0.0s)
2026-10-03 00:26:57,433 INFO [557/1506] ok WELL-00008_20170615080234.parquet (296 min, 0.0s)
2026-10-03 00:26:57,438 INFO [558/1506] ok WELL-00008_20170629160123.parquet (296 min, 0.0s)
2026-10-03 00:26:57,461 INFO [559/1506] ok WELL-00008_20170629210321.parquet (294 min, 0.0s)
2026-10-03 00:26:57,462 INFO [560/1506] ok WELL-00008_20170630020222.parquet (295 min, 0.0s)
2026-10-03 00:26:57,463 INFO [561/1506] ok WELL-00008_20170630070310.parquet (294 min, 0.0s)
2026-10-03 00:26:57,467 INFO [562/1506] ok WELL-00008_20170630120246.parquet (296 min, 0.0s)
2026-10-03 00:26:57,489 INFO [563/1506] ok WELL-00008_20170630170321.parquet (293 min, 0.0s)
2026-10-03 00:26:57,489 INFO [564/1506] ok WELL-00008_20170630220146.parquet (295 min, 0.0s)
2026-10-03 00:26:57,491 INFO [565/1506] ok WELL-00008_20170701030210.parquet (295 min, 0.0s)
2026-10-03 00:26:57,497 INFO [566/1506] ok WELL-00008_20170701080222.parquet (295 min, 0.0s)
2026-10-03 00:26:57,517 INFO [567/1506] ok WELL-00008_20170701130135.parquet (298 min, 0.0s)
2026-10-03 00:26:57,517 INFO [568/1506] ok WELL-00008_20170701180222.parquet (294 min, 0.0s)
2026-10-03 00:26:57,520 INFO [569/1506] ok WELL-00008_20170701230246.parquet (296 min, 0.0s)
2026-10-03 00:26:57,525 INFO [570/1506] ok WELL-00008_20170702040135.parquet (296 min, 0.0s)
2026-10-03 00:26:57,545 INFO [571/1506] ok WELL-00008_20170702090222.parquet (296 min, 0.0s)
2026-10-03 00:26:57,547 INFO [572/1506] ok WELL-00008_20170702140532.parquet (290 min, 0.0s)
2026-10-03 00:26:57,547 INFO [573/1506] ok WELL-00008_20170702190135.parquet (296 min, 0.0s)
2026-10-03 00:26:57,552 INFO [574/1506] ok WELL-00008_20170703000445.parquet (295 min, 0.0s)
2026-10-03 00:26:57,575 INFO [575/1506] ok WELL-00008_20170703050123.parquet (296 min, 0.0s)
2026-10-03 00:26:57,576 INFO [576/1506] ok WELL-00008_20170816180321.parquet (295 min, 0.0s)
2026-10-03 00:26:57,576 INFO [577/1506] ok WELL-00008_20170816130222.parquet (295 min, 0.0s)
2026-10-03 00:26:57,583 INFO [578/1506] ok WELL-00008_20170816230146.parquet (298 min, 0.0s)
2026-10-03 00:26:57,603 INFO [579/1506] ok WELL-00008_20170817090246.parquet (293 min, 0.0s)
2026-10-03 00:26:57,606 INFO [580/1506] ok WELL-00008_20170817140222.parquet (296 min, 0.0s)
2026-10-03 00:26:57,606 INFO [581/1506] ok WELL-00008_20170817040135.parquet (296 min, 0.0s)
2026-10-03 00:26:57,608 INFO [582/1506] ok WELL-00008_20170817190123.parquet (297 min, 0.0s)
2026-10-03 00:26:57,638 INFO [583/1506] ok WELL-00008_20170818050210.parquet (295 min, 0.0s)
2026-10-03 00:26:57,639 INFO [584/1506] ok WELL-00008_20170818100258.parquet (295 min, 0.0s)
2026-10-03 00:26:57,639 INFO [585/1506] ok WELL-00008_20170818000222.parquet (296 min, 0.0s)
2026-10-03 00:26:57,644 INFO [586/1506] ok WELL-00008_20170818150123.parquet (297 min, 0.0s)
2026-10-03 00:26:57,666 INFO [587/1506] ok WELL-00008_20170818200310.parquet (296 min, 0.0s)
2026-10-03 00:26:57,666 INFO [588/1506] ok WELL-00008_20170819010123.parquet (298 min, 0.0s)
2026-10-03 00:26:57,666 INFO [589/1506] ok WELL-00008_20170819060246.parquet (295 min, 0.0s)
2026-10-03 00:26:57,671 INFO [590/1506] ok WELL-00008_20170819110210.parquet (296 min, 0.0s)
2026-10-03 00:26:57,694 INFO [591/1506] ok WELL-00008_20170914060222.parquet (296 min, 0.0s)
2026-10-03 00:26:57,696 INFO [592/1506] ok WELL-00008_20170914010321.parquet (296 min, 0.0s)
2026-10-03 00:26:57,696 INFO [593/1506] ok WELL-00008_20170914110246.parquet (295 min, 0.0s)
2026-10-03 00:26:57,719 INFO [594/1506] ok WELL-00001_20170316110203.parquet (119 min, 0.0s)
2026-10-03 00:26:57,721 INFO [595/1506] ok WELL-00001_20170316150005.parquet (120 min, 0.0s)
2026-10-03 00:26:57,721 INFO [596/1506] ok WELL-00001_20170316130000.parquet (120 min, 0.0s)
2026-10-03 00:26:57,745 INFO [597/1506] ok WELL-00001_20170316170000.parquet (120 min, 0.0s)
2026-10-03 00:26:57,745 INFO [598/1506] ok WELL-00001_20170316190000.parquet (120 min, 0.0s)
2026-10-03 00:26:57,748 INFO [599/1506] ok WELL-00001_20170316210000.parquet (120 min, 0.0s)
2026-10-03 00:26:57,772 INFO [600/1506] ok WELL-00001_20170317010000.parquet (120 min, 0.0s)
2026-10-03 00:26:57,772 INFO [601/1506] ok WELL-00001_20170316230000.parquet (120 min, 0.0s)
2026-10-03 00:26:57,775 INFO [602/1506] ok WELL-00001_20170317030000.parquet (120 min, 0.0s)
2026-10-03 00:26:57,775 INFO [603/1506] ok WELL-00019_20170307235203.parquet (2328 min, 0.1s)
2026-10-03 00:26:57,799 INFO [604/1506] ok WELL-00001_20170317110000.parquet (120 min, 0.0s)
2026-10-03 00:26:57,799 INFO [605/1506] ok WELL-00001_20170317070000.parquet (120 min, 0.0s)
2026-10-03 00:26:57,801 INFO [606/1506] ok WELL-00001_20170317050000.parquet (120 min, 0.0s)
2026-10-03 00:26:57,803 INFO [607/1506] ok WELL-00001_20170317090000.parquet (120 min, 0.0s)
2026-10-03 00:26:57,827 INFO [608/1506] ok WELL-00001_20170317150000.parquet (120 min, 0.0s)
2026-10-03 00:26:57,827 INFO [609/1506] ok WELL-00001_20170317170000.parquet (120 min, 0.0s)
2026-10-03 00:26:57,828 INFO [610/1506] ok WELL-00001_20170317130005.parquet (120 min, 0.0s)
2026-10-03 00:26:57,828 INFO [611/1506] ok WELL-00001_20170317190000.parquet (120 min, 0.0s)
2026-10-03 00:26:57,853 INFO [612/1506] ok WELL-00001_20170318010000.parquet (120 min, 0.0s)
2026-10-03 00:26:57,854 INFO [613/1506] ok WELL-00001_20170318030000.parquet (120 min, 0.0s)
2026-10-03 00:26:57,854 INFO [614/1506] ok WELL-00001_20170317210000.parquet (120 min, 0.0s)
2026-10-03 00:26:57,854 INFO [615/1506] ok WELL-00001_20170317230020.parquet (121 min, 0.0s)
2026-10-03 00:26:57,879 INFO [616/1506] ok WELL-00001_20170318070000.parquet (120 min, 0.0s)
2026-10-03 00:26:57,879 INFO [617/1506] ok WELL-00001_20170318050025.parquet (121 min, 0.0s)
2026-10-03 00:26:57,879 INFO [618/1506] ok WELL-00001_20170318110000.parquet (120 min, 0.0s)
2026-10-03 00:26:57,880 INFO [619/1506] ok WELL-00001_20170318090000.parquet (120 min, 0.0s)
2026-10-03 00:26:57,905 INFO [620/1506] ok WELL-00001_20170421150000.parquet (120 min, 0.0s)
2026-10-03 00:26:57,905 INFO [621/1506] ok WELL-00001_20170319170033.parquet (120 min, 0.0s)
2026-10-03 00:26:57,909 INFO [622/1506] ok WELL-00001_20170318130000.parquet (120 min, 0.0s)
2026-10-03 00:26:57,909 INFO [623/1506] ok WELL-00001_20170320180146.parquet (177 min, 0.0s)
2026-10-03 00:26:57,930 INFO [624/1506] ok WELL-00001_20170421170000.parquet (120 min, 0.0s)
2026-10-03 00:26:57,932 INFO [625/1506] ok WELL-00001_20170421190000.parquet (120 min, 0.0s)
2026-10-03 00:26:57,934 INFO [626/1506] ok WELL-00001_20170421210000.parquet (120 min, 0.0s)
2026-10-03 00:26:57,934 INFO [627/1506] ok WELL-00001_20170421230000.parquet (119 min, 0.0s)
2026-10-03 00:26:57,959 INFO [628/1506] ok WELL-00002_20131208220000.parquet (120 min, 0.0s)
2026-10-03 00:26:57,961 INFO [629/1506] ok WELL-00001_20170626050000.parquet (120 min, 0.0s)
2026-10-03 00:26:57,961 INFO [630/1506] ok WELL-00001_20170422010000.parquet (120 min, 0.0s)
2026-10-03 00:26:57,964 INFO [631/1506] ok WELL-00001_20170626070000.parquet (120 min, 0.0s)
2026-10-03 00:26:57,985 INFO [632/1506] ok WELL-00002_20131209000000.parquet (120 min, 0.0s)
2026-10-03 00:26:57,986 INFO [633/1506] ok WELL-00002_20131209040000.parquet (120 min, 0.0s)
2026-10-03 00:26:57,988 INFO [634/1506] ok WELL-00002_20131209020000.parquet (120 min, 0.0s)
2026-10-03 00:26:57,990 INFO [635/1506] ok WELL-00002_20131209060000.parquet (120 min, 0.0s)
2026-10-03 00:26:58,010 INFO [636/1506] ok WELL-00002_20131209080000.parquet (120 min, 0.0s)
2026-10-03 00:26:58,010 INFO [637/1506] ok WELL-00002_20131209100000.parquet (120 min, 0.0s)
2026-10-03 00:26:58,013 INFO [638/1506] ok WELL-00002_20131209120000.parquet (120 min, 0.0s)
2026-10-03 00:26:58,014 INFO [639/1506] ok WELL-00002_20131212080000.parquet (120 min, 0.0s)
2026-10-03 00:26:58,035 INFO [640/1506] ok WELL-00002_20131214230010.parquet (121 min, 0.0s)
2026-10-03 00:26:58,036 INFO [641/1506] ok WELL-00002_20131212100000.parquet (120 min, 0.0s)
2026-10-03 00:26:58,037 INFO [642/1506] ok WELL-00002_20131214210010.parquet (121 min, 0.0s)
2026-10-03 00:26:58,039 INFO [643/1506] ok WELL-00002_20131215010010.parquet (121 min, 0.0s)
2026-10-03 00:26:58,061 INFO [644/1506] ok WELL-00002_20131215050030.parquet (121 min, 0.0s)
2026-10-03 00:26:58,061 INFO [645/1506] ok WELL-00002_20131215030036.parquet (121 min, 0.0s)
2026-10-03 00:26:58,064 INFO [646/1506] ok WELL-00002_20131215070015.parquet (121 min, 0.0s)
2026-10-03 00:26:58,065 INFO [647/1506] ok WELL-00002_20131215090025.parquet (121 min, 0.0s)
2026-10-03 00:26:58,086 INFO [648/1506] ok WELL-00002_20131215110025.parquet (121 min, 0.0s)
2026-10-03 00:26:58,086 INFO [649/1506] ok WELL-00002_20131215130036.parquet (121 min, 0.0s)
2026-10-03 00:26:58,088 INFO [650/1506] ok WELL-00002_20131215150122.parquet (120 min, 0.0s)
2026-10-03 00:26:58,089 INFO [651/1506] ok WELL-00002_20131215170101.parquet (120 min, 0.0s)
2026-10-03 00:26:58,112 INFO [652/1506] ok WELL-00002_20131215210107.parquet (120 min, 0.0s)
2026-10-03 00:26:58,113 INFO [653/1506] ok WELL-00002_20140109000112.parquet (120 min, 0.0s)
2026-10-03 00:26:58,113 INFO [654/1506] ok WELL-00002_20131215190132.parquet (120 min, 0.0s)
2026-10-03 00:26:58,114 INFO [655/1506] ok WELL-00002_20140109020025.parquet (121 min, 0.0s)
2026-10-03 00:26:58,136 INFO [656/1506] ok WELL-00002_20140109160010.parquet (121 min, 0.0s)
2026-10-03 00:26:58,137 INFO [657/1506] ok WELL-00002_20140109040025.parquet (121 min, 0.0s)
2026-10-03 00:26:58,139 INFO [658/1506] ok WELL-00002_20140109140010.parquet (121 min, 0.0s)
2026-10-03 00:26:58,140 INFO [659/1506] ok WELL-00002_20140115150010.parquet (121 min, 0.0s)
2026-10-03 00:26:58,162 INFO [660/1506] ok WELL-00002_20140118230030.parquet (121 min, 0.0s)
2026-10-03 00:26:58,162 INFO [661/1506] ok WELL-00002_20140119030025.parquet (121 min, 0.0s)
2026-10-03 00:26:58,163 INFO [662/1506] ok WELL-00002_20140115170036.parquet (121 min, 0.0s)
2026-10-03 00:26:58,164 INFO [663/1506] ok WELL-00002_20140119010020.parquet (121 min, 0.0s)
2026-10-03 00:26:58,190 INFO [664/1506] ok WELL-00002_20140119110010.parquet (121 min, 0.0s)
2026-10-03 00:26:58,190 INFO [665/1506] ok WELL-00002_20140119090112.parquet (120 min, 0.0s)
2026-10-03 00:26:58,190 INFO [666/1506] ok WELL-00002_20140119070138.parquet (120 min, 0.0s)
2026-10-03 00:26:58,192 INFO [667/1506] ok WELL-00002_20140119050010.parquet (121 min, 0.0s)
2026-10-03 00:26:58,215 INFO [668/1506] ok WELL-00002_20140119150112.parquet (120 min, 0.0s)
2026-10-03 00:26:58,215 INFO [669/1506] ok WELL-00002_20140119130010.parquet (121 min, 0.0s)
2026-10-03 00:26:58,215 INFO [670/1506] ok WELL-00002_20140119170015.parquet (121 min, 0.0s)
2026-10-03 00:26:58,217 INFO [671/1506] ok WELL-00002_20140119190132.parquet (120 min, 0.0s)
2026-10-03 00:26:58,238 INFO [672/1506] ok WELL-00002_20140119210015.parquet (121 min, 0.0s)
2026-10-03 00:26:58,240 INFO [673/1506] ok WELL-00002_20140119230030.parquet (121 min, 0.0s)
2026-10-03 00:26:58,240 INFO [674/1506] ok WELL-00002_20140120010025.parquet (121 min, 0.0s)
2026-10-03 00:26:58,243 INFO [675/1506] ok WELL-00002_20140120030132.parquet (120 min, 0.0s)
2026-10-03 00:26:58,262 INFO [676/1506] ok WELL-00002_20140120050203.parquet (119 min, 0.0s)
2026-10-03 00:26:58,263 INFO [677/1506] ok WELL-00002_20140120090010.parquet (121 min, 0.0s)
2026-10-03 00:26:58,265 INFO [678/1506] ok WELL-00002_20140120070122.parquet (120 min, 0.0s)
2026-10-03 00:26:58,267 INFO [679/1506] ok WELL-00002_20140120110234.parquet (119 min, 0.0s)
2026-10-03 00:26:58,287 INFO [680/1506] ok WELL-00002_20140120130224.parquet (119 min, 0.0s)
2026-10-03 00:26:58,290 INFO [681/1506] ok WELL-00002_20140120170010.parquet (121 min, 0.0s)
2026-10-03 00:26:58,290 INFO [682/1506] ok WELL-00002_20140120190122.parquet (120 min, 0.0s)
2026-10-03 00:26:58,291 INFO [683/1506] ok WELL-00002_20140120150112.parquet (120 min, 0.0s)
2026-10-03 00:26:58,314 INFO [684/1506] ok WELL-00002_20140121030030.parquet (121 min, 0.0s)
2026-10-03 00:26:58,314 INFO [685/1506] ok WELL-00002_20140121010056.parquet (121 min, 0.0s)
2026-10-03 00:26:58,316 INFO [686/1506] ok WELL-00002_20140120210036.parquet (121 min, 0.0s)
2026-10-03 00:26:58,317 INFO [687/1506] ok WELL-00002_20140120230224.parquet (119 min, 0.0s)
2026-10-03 00:26:58,337 INFO [688/1506] ok WELL-00002_20140121070214.parquet (119 min, 0.0s)
2026-10-03 00:26:58,338 INFO [689/1506] ok WELL-00002_20140121050010.parquet (121 min, 0.0s)
2026-10-03 00:26:58,339 INFO [690/1506] ok WELL-00002_20140121090056.parquet (121 min, 0.0s)
2026-10-03 00:26:58,343 INFO [691/1506] ok WELL-00002_20140121110117.parquet (120 min, 0.0s)
2026-10-03 00:26:58,362 INFO [692/1506] ok WELL-00002_20140121150025.parquet (121 min, 0.0s)
2026-10-03 00:26:58,366 INFO [693/1506] ok WELL-00002_20140121170219.parquet (119 min, 0.0s)
2026-10-03 00:26:58,367 INFO [694/1506] ok WELL-00002_20140121130132.parquet (120 min, 0.0s)
2026-10-03 00:26:58,373 INFO [695/1506] ok WELL-00002_20140121190234.parquet (119 min, 0.0s)
2026-10-03 00:26:58,389 INFO [696/1506] ok WELL-00002_20140121210041.parquet (121 min, 0.0s)
2026-10-03 00:26:58,393 INFO [697/1506] ok WELL-00002_20140121230117.parquet (120 min, 0.0s)
2026-10-03 00:26:58,395 INFO [698/1506] ok WELL-00002_20140122010051.parquet (121 min, 0.0s)
2026-10-03 00:26:58,400 INFO [699/1506] ok WELL-00002_20140122030046.parquet (121 min, 0.0s)
2026-10-03 00:26:58,416 INFO [700/1506] ok WELL-00002_20140122050010.parquet (121 min, 0.0s)
2026-10-03 00:26:58,418 INFO [701/1506] ok WELL-00002_20140122070127.parquet (120 min, 0.0s)
2026-10-03 00:26:58,421 INFO [702/1506] ok WELL-00002_20140122090112.parquet (120 min, 0.0s)
2026-10-03 00:26:58,445 INFO [703/1506] ok WELL-00002_20140122110030.parquet (121 min, 0.0s)
2026-10-03 00:26:58,460 INFO [704/1506] ok WELL-00002_20140122170112.parquet (120 min, 0.0s)
2026-10-03 00:26:58,461 INFO [705/1506] ok WELL-00002_20140122150127.parquet (120 min, 0.0s)
2026-10-03 00:26:58,463 INFO [706/1506] ok WELL-00002_20140122130015.parquet (121 min, 0.0s)
2026-10-03 00:26:58,479 INFO [707/1506] ok WELL-00002_20140122190127.parquet (120 min, 0.0s)
2026-10-03 00:26:58,488 INFO [708/1506] ok WELL-00002_20140122230051.parquet (121 min, 0.0s)
2026-10-03 00:26:58,492 INFO [709/1506] ok WELL-00002_20140123010219.parquet (119 min, 0.0s)
2026-10-03 00:26:58,492 INFO [710/1506] ok WELL-00002_20140122210153.parquet (120 min, 0.0s)
2026-10-03 00:26:58,506 INFO [711/1506] ok WELL-00002_20140123030132.parquet (120 min, 0.0s)
2026-10-03 00:26:58,516 INFO [712/1506] ok WELL-00002_20140123050030.parquet (121 min, 0.0s)
2026-10-03 00:26:58,519 INFO [713/1506] ok WELL-00002_20140123070010.parquet (121 min, 0.0s)
2026-10-03 00:26:58,521 INFO [714/1506] ok WELL-00002_20140124050010.parquet (121 min, 0.0s)
2026-10-03 00:26:58,534 INFO [715/1506] ok WELL-00002_20140124070020.parquet (121 min, 0.0s)
2026-10-03 00:26:58,542 INFO [716/1506] ok WELL-00002_20140124090054.parquet (121 min, 0.0s)
2026-10-03 00:26:58,547 INFO [717/1506] ok WELL-00002_20140124110131.parquet (120 min, 0.0s)
2026-10-03 00:26:58,547 INFO [718/1506] ok WELL-00002_20140124130041.parquet (121 min, 0.0s)
2026-10-03 00:26:58,564 INFO [719/1506] ok WELL-00002_20140124150018.parquet (121 min, 0.0s)
2026-10-03 00:26:58,570 INFO [720/1506] ok WELL-00002_20140124170136.parquet (120 min, 0.0s)
2026-10-03 00:26:58,571 INFO [721/1506] ok WELL-00002_20140124190008.parquet (121 min, 0.0s)
2026-10-03 00:26:58,573 INFO [722/1506] ok WELL-00002_20140124210029.parquet (121 min, 0.0s)
2026-10-03 00:26:58,591 INFO [723/1506] ok WELL-00002_20140124230055.parquet (121 min, 0.0s)
2026-10-03 00:26:58,594 INFO [724/1506] ok WELL-00002_20140125010016.parquet (121 min, 0.0s)
2026-10-03 00:26:58,595 INFO [725/1506] ok WELL-00002_20140125030033.parquet (121 min, 0.0s)
2026-10-03 00:26:58,601 INFO [726/1506] ok WELL-00002_20140125050245.parquet (119 min, 0.0s)
2026-10-03 00:26:58,618 INFO [727/1506] ok WELL-00002_20140125070141.parquet (120 min, 0.0s)
2026-10-03 00:26:58,621 INFO [728/1506] ok WELL-00002_20140125090025.parquet (121 min, 0.0s)
2026-10-03 00:26:58,621 INFO [729/1506] ok WELL-00002_20140125110016.parquet (121 min, 0.0s)
2026-10-03 00:26:58,626 INFO [730/1506] ok WELL-00002_20140125130107.parquet (120 min, 0.0s)
2026-10-03 00:26:58,646 INFO [731/1506] ok WELL-00002_20140125170107.parquet (120 min, 0.0s)
2026-10-03 00:26:58,646 INFO [732/1506] ok WELL-00002_20140125150112.parquet (120 min, 0.0s)
2026-10-03 00:26:58,648 INFO [733/1506] ok WELL-00002_20140125190016.parquet (121 min, 0.0s)
2026-10-03 00:26:58,652 INFO [734/1506] ok WELL-00002_20140125210046.parquet (121 min, 0.0s)
2026-10-03 00:26:58,673 INFO [735/1506] ok WELL-00002_20140126010016.parquet (121 min, 0.0s)
2026-10-03 00:26:58,674 INFO [736/1506] ok WELL-00002_20140125230059.parquet (121 min, 0.0s)
2026-10-03 00:26:58,674 INFO [737/1506] ok WELL-00002_20140126030133.parquet (120 min, 0.0s)
2026-10-03 00:26:58,677 INFO [738/1506] ok WELL-00002_20140126050141.parquet (120 min, 0.0s)
2026-10-03 00:26:58,699 INFO [739/1506] ok WELL-00002_20140126070146.parquet (120 min, 0.0s)
2026-10-03 00:26:58,699 INFO [740/1506] ok WELL-00002_20140126110241.parquet (119 min, 0.0s)
2026-10-03 00:26:58,700 INFO [741/1506] ok WELL-00002_20140126090141.parquet (120 min, 0.0s)
2026-10-03 00:26:58,705 INFO [742/1506] ok WELL-00002_20140126130124.parquet (120 min, 0.0s)
2026-10-03 00:26:58,727 INFO [743/1506] ok WELL-00004_20140804190012.parquet (121 min, 0.0s)
2026-10-03 00:26:58,730 INFO [744/1506] ok WELL-00004_20140804210008.parquet (121 min, 0.0s)
2026-10-03 00:26:58,734 INFO [745/1506] ok WELL-00004_20140805010033.parquet (121 min, 0.0s)
2026-10-03 00:26:58,734 INFO [746/1506] ok WELL-00004_20140804230059.parquet (121 min, 0.0s)
2026-10-03 00:26:58,754 INFO [747/1506] ok WELL-00004_20140805030025.parquet (121 min, 0.0s)
2026-10-03 00:26:58,757 INFO [748/1506] ok WELL-00004_20140805050008.parquet (121 min, 0.0s)
2026-10-03 00:26:58,759 INFO [749/1506] ok WELL-00004_20140805070029.parquet (121 min, 0.0s)
2026-10-03 00:26:58,759 INFO [750/1506] ok WELL-00004_20140805090050.parquet (121 min, 0.0s)
2026-10-03 00:26:58,783 INFO [751/1506] ok WELL-00004_20140805110107.parquet (120 min, 0.0s)
2026-10-03 00:26:58,785 INFO [752/1506] ok WELL-00004_20140805130016.parquet (121 min, 0.0s)
2026-10-03 00:26:58,787 INFO [753/1506] ok WELL-00004_20140805150150.parquet (120 min, 0.0s)
2026-10-03 00:26:58,788 INFO [754/1506] ok WELL-00004_20140805170137.parquet (120 min, 0.0s)
2026-10-03 00:26:58,811 INFO [755/1506] ok WELL-00004_20140805190046.parquet (121 min, 0.0s)
2026-10-03 00:26:58,812 INFO [756/1506] ok WELL-00004_20140805210116.parquet (120 min, 0.0s)
2026-10-03 00:26:58,813 INFO [757/1506] ok WELL-00004_20140806010107.parquet (120 min, 0.0s)
2026-10-03 00:26:58,815 INFO [758/1506] ok WELL-00004_20140805230050.parquet (121 min, 0.0s)
2026-10-03 00:26:58,837 INFO [759/1506] ok WELL-00004_20140806030012.parquet (121 min, 0.0s)
2026-10-03 00:26:58,840 INFO [760/1506] ok WELL-00004_20140806050141.parquet (120 min, 0.0s)
2026-10-03 00:26:58,842 INFO [761/1506] ok WELL-00004_20140806090103.parquet (120 min, 0.0s)
2026-10-03 00:26:58,844 INFO [762/1506] ok WELL-00004_20140806070215.parquet (119 min, 0.0s)
2026-10-03 00:26:58,865 INFO [763/1506] ok WELL-00004_20140806110038.parquet (121 min, 0.0s)
2026-10-03 00:26:58,868 INFO [764/1506] ok WELL-00004_20140806130050.parquet (121 min, 0.0s)
2026-10-03 00:26:58,868 INFO [765/1506] ok WELL-00004_20140806150154.parquet (120 min, 0.0s)
2026-10-03 00:26:58,873 INFO [766/1506] ok WELL-00004_20140806170008.parquet (121 min, 0.0s)
2026-10-03 00:26:58,895 INFO [767/1506] ok WELL-00004_20140806190021.parquet (121 min, 0.0s)
2026-10-03 00:26:58,896 INFO [768/1506] ok WELL-00004_20141117120029.parquet (121 min, 0.0s)
2026-10-03 00:26:58,896 INFO [769/1506] ok WELL-00004_20141117100021.parquet (121 min, 0.0s)
2026-10-03 00:26:58,902 INFO [770/1506] ok WELL-00004_20141117140055.parquet (121 min, 0.0s)
2026-10-03 00:26:58,921 INFO [771/1506] ok WELL-00004_20141117160116.parquet (120 min, 0.0s)
2026-10-03 00:26:58,925 INFO [772/1506] ok WELL-00004_20141117180021.parquet (121 min, 0.0s)
2026-10-03 00:26:58,925 INFO [773/1506] ok WELL-00004_20141117200021.parquet (121 min, 0.0s)
2026-10-03 00:26:58,928 INFO [774/1506] ok WELL-00004_20141117220046.parquet (121 min, 0.0s)
2026-10-03 00:26:58,950 INFO [775/1506] ok WELL-00004_20141118000042.parquet (121 min, 0.0s)
2026-10-03 00:26:58,953 INFO [776/1506] ok WELL-00004_20141118020016.parquet (121 min, 0.0s)
2026-10-03 00:26:58,957 INFO [777/1506] ok WELL-00004_20141118060038.parquet (121 min, 0.0s)
2026-10-03 00:26:58,957 INFO [778/1506] ok WELL-00004_20141118040012.parquet (121 min, 0.0s)
2026-10-03 00:26:58,979 INFO [779/1506] ok WELL-00004_20141118100025.parquet (121 min, 0.0s)
2026-10-03 00:26:58,981 INFO [780/1506] ok WELL-00004_20141118080038.parquet (120 min, 0.0s)
2026-10-03 00:26:58,983 INFO [781/1506] ok WELL-00004_20141118120050.parquet (121 min, 0.0s)
2026-10-03 00:26:58,984 INFO [782/1506] ok WELL-00004_20141118140107.parquet (120 min, 0.0s)
2026-10-03 00:26:59,006 INFO [783/1506] ok WELL-00004_20141118160016.parquet (121 min, 0.0s)
2026-10-03 00:26:59,009 INFO [784/1506] ok WELL-00004_20141118180124.parquet (120 min, 0.0s)
2026-10-03 00:26:59,010 INFO [785/1506] ok WELL-00004_20141118200016.parquet (121 min, 0.0s)
2026-10-03 00:26:59,013 INFO [786/1506] ok WELL-00005_20170616010033.parquet (121 min, 0.0s)
2026-10-03 00:26:59,032 INFO [787/1506] ok WELL-00005_20170624010016.parquet (121 min, 0.0s)
2026-10-03 00:26:59,035 INFO [788/1506] ok WELL-00005_20170624030025.parquet (121 min, 0.0s)
2026-10-03 00:26:59,035 INFO [789/1506] ok WELL-00005_20170624050038.parquet (121 min, 0.0s)
2026-10-03 00:26:59,039 INFO [790/1506] ok WELL-00005_20170624070158.parquet (120 min, 0.0s)
2026-10-03 00:26:59,063 INFO [791/1506] ok WELL-00005_20170624090042.parquet (121 min, 0.0s)
2026-10-03 00:26:59,064 INFO [792/1506] ok WELL-00005_20170624170016.parquet (121 min, 0.0s)
2026-10-03 00:26:59,066 INFO [793/1506] ok WELL-00005_20170624150124.parquet (119 min, 0.0s)
2026-10-03 00:26:59,066 INFO [794/1506] ok WELL-00005_20170624190107.parquet (120 min, 0.0s)
2026-10-03 00:26:59,091 INFO [795/1506] ok WELL-00005_20170624230038.parquet (121 min, 0.0s)
2026-10-03 00:26:59,092 INFO [796/1506] ok WELL-00005_20170624210033.parquet (121 min, 0.0s)
2026-10-03 00:26:59,093 INFO [797/1506] ok WELL-00005_20170625010059.parquet (121 min, 0.0s)
2026-10-03 00:26:59,093 INFO [798/1506] ok WELL-00005_20170625030228.parquet (119 min, 0.0s)
2026-10-03 00:26:59,119 INFO [799/1506] ok WELL-00005_20170625050103.parquet (120 min, 0.0s)
2026-10-03 00:26:59,121 INFO [800/1506] ok WELL-00005_20170625123000.parquet (120 min, 0.0s)
2026-10-03 00:26:59,121 INFO [801/1506] ok WELL-00005_20170625083000.parquet (120 min, 0.0s)
2026-10-03 00:26:59,123 INFO [802/1506] ok WELL-00005_20170625103000.parquet (120 min, 0.0s)
2026-10-03 00:26:59,143 INFO [803/1506] ok WELL-00005_20170626040116.parquet (120 min, 0.0s)
2026-10-03 00:26:59,145 INFO [804/1506] ok WELL-00005_20170626060033.parquet (121 min, 0.0s)
2026-10-03 00:26:59,146 INFO [805/1506] ok WELL-00005_20170626080055.parquet (121 min, 0.0s)
2026-10-03 00:26:59,147 INFO [806/1506] ok WELL-00005_20170626100038.parquet (121 min, 0.0s)
2026-10-03 00:26:59,168 INFO [807/1506] ok WELL-00005_20170626120016.parquet (121 min, 0.0s)
2026-10-03 00:26:59,169 INFO [808/1506] ok WELL-00005_20170626140141.parquet (120 min, 0.0s)
2026-10-03 00:26:59,172 INFO [809/1506] ok WELL-00005_20170626160050.parquet (121 min, 0.0s)
2026-10-03 00:26:59,172 INFO [810/1506] ok WELL-00005_20170626180016.parquet (121 min, 0.0s)
2026-10-03 00:26:59,195 INFO [811/1506] ok WELL-00005_20170627000154.parquet (120 min, 0.0s)
2026-10-03 00:26:59,196 INFO [812/1506] ok WELL-00005_20170626220232.parquet (119 min, 0.0s)
2026-10-03 00:26:59,196 INFO [813/1506] ok WELL-00005_20170626200059.parquet (121 min, 0.0s)
2026-10-03 00:26:59,198 INFO [814/1506] ok WELL-00005_20170627020207.parquet (119 min, 0.0s)
2026-10-03 00:26:59,221 INFO [815/1506] ok WELL-00005_20170627040046.parquet (121 min, 0.0s)
2026-10-03 00:26:59,222 INFO [816/1506] ok WELL-00005_20170627080025.parquet (121 min, 0.0s)
2026-10-03 00:26:59,222 INFO [817/1506] ok WELL-00005_20170627060050.parquet (121 min, 0.0s)
2026-10-03 00:26:59,223 INFO [818/1506] ok WELL-00005_20170627100055.parquet (121 min, 0.0s)
2026-10-03 00:26:59,248 INFO [819/1506] ok WELL-00005_20170627160112.parquet (120 min, 0.0s)
2026-10-03 00:26:59,249 INFO [820/1506] ok WELL-00005_20170627120016.parquet (121 min, 0.0s)
2026-10-03 00:26:59,249 INFO [821/1506] ok WELL-00005_20170627180112.parquet (120 min, 0.0s)
2026-10-03 00:26:59,251 INFO [822/1506] ok WELL-00005_20170627140050.parquet (121 min, 0.0s)
2026-10-03 00:26:59,275 INFO [823/1506] ok WELL-00007_20170517220025.parquet (121 min, 0.0s)
2026-10-03 00:26:59,275 INFO [824/1506] ok WELL-00005_20170627200038.parquet (121 min, 0.0s)
2026-10-03 00:26:59,277 INFO [825/1506] ok WELL-00007_20170517200012.parquet (121 min, 0.0s)
2026-10-03 00:26:59,277 INFO [826/1506] ok WELL-00007_20170518000012.parquet (121 min, 0.0s)
2026-10-03 00:26:59,302 INFO [827/1506] ok WELL-00007_20170518060124.parquet (120 min, 0.0s)
2026-10-03 00:26:59,302 INFO [828/1506] ok WELL-00007_20170518020016.parquet (121 min, 0.0s)
2026-10-03 00:26:59,302 INFO [829/1506] ok WELL-00007_20170518080021.parquet (121 min, 0.0s)
2026-10-03 00:26:59,303 INFO [830/1506] ok WELL-00007_20170518040016.parquet (121 min, 0.0s)
2026-10-03 00:26:59,328 INFO [831/1506] ok WELL-00010_20180416070150.parquet (120 min, 0.0s)
2026-10-03 00:26:59,328 INFO [832/1506] ok WELL-00007_20170518100129.parquet (120 min, 0.0s)
2026-10-03 00:26:59,329 INFO [833/1506] ok WELL-00007_20170518120103.parquet (120 min, 0.0s)
2026-10-03 00:26:59,329 INFO [834/1506] ok WELL-00007_20170518140021.parquet (121 min, 0.0s)
2026-10-03 00:26:59,353 INFO [835/1506] ok WELL-00010_20180416110120.parquet (120 min, 0.0s)
2026-10-03 00:26:59,353 INFO [836/1506] ok WELL-00010_20180416090133.parquet (120 min, 0.0s)
2026-10-03 00:26:59,354 INFO [837/1506] ok WELL-00010_20180416130038.parquet (121 min, 0.0s)
2026-10-03 00:26:59,354 INFO [838/1506] ok WELL-00010_20180416150107.parquet (120 min, 0.0s)
2026-10-03 00:26:59,378 INFO [839/1506] ok WELL-00010_20180416230055.parquet (121 min, 0.0s)
2026-10-03 00:26:59,380 INFO [840/1506] ok WELL-00010_20180416170029.parquet (121 min, 0.0s)
2026-10-03 00:26:59,380 INFO [841/1506] ok WELL-00010_20180416210141.parquet (120 min, 0.0s)
2026-10-03 00:26:59,381 INFO [842/1506] ok WELL-00010_20180416190008.parquet (121 min, 0.0s)
2026-10-03 00:26:59,403 INFO [843/1506] ok WELL-00010_20180417030033.parquet (121 min, 0.0s)
2026-10-03 00:26:59,404 INFO [844/1506] ok WELL-00010_20180417050046.parquet (121 min, 0.0s)
2026-10-03 00:26:59,407 INFO [845/1506] ok WELL-00010_20180417010107.parquet (120 min, 0.0s)
2026-10-03 00:26:59,409 INFO [846/1506] ok WELL-00010_20180422170012.parquet (121 min, 0.0s)
2026-10-03 00:26:59,430 INFO [847/1506] ok WELL-00010_20180422210038.parquet (121 min, 0.0s)
2026-10-03 00:26:59,431 INFO [848/1506] ok WELL-00010_20180422190158.parquet (120 min, 0.0s)
2026-10-03 00:26:59,436 INFO [849/1506] ok WELL-00010_20180422230029.parquet (121 min, 0.0s)
2026-10-03 00:26:59,436 INFO [850/1506] ok WELL-00010_20180423010129.parquet (120 min, 0.0s)
2026-10-03 00:26:59,458 INFO [851/1506] ok WELL-00010_20180423030021.parquet (121 min, 0.0s)
2026-10-03 00:26:59,461 INFO [852/1506] ok WELL-00010_20180423050353.parquet (118 min, 0.0s)
2026-10-03 00:26:59,462 INFO [853/1506] ok WELL-00010_20180423090050.parquet (121 min, 0.0s)
2026-10-03 00:26:59,462 INFO [854/1506] ok WELL-00010_20180423070107.parquet (120 min, 0.0s)
2026-10-03 00:26:59,486 INFO [855/1506] ok WELL-00010_20180423110112.parquet (120 min, 0.0s)
2026-10-03 00:26:59,486 INFO [856/1506] ok WELL-00010_20180423130025.parquet (121 min, 0.0s)
2026-10-03 00:26:59,487 INFO [857/1506] ok WELL-00010_20180423150129.parquet (120 min, 0.0s)
2026-10-03 00:26:59,487 INFO [858/1506] ok WELL-00010_20180423170042.parquet (121 min, 0.0s)
2026-10-03 00:26:59,513 INFO [859/1506] ok WELL-00010_20180423230033.parquet (121 min, 0.0s)
2026-10-03 00:26:59,513 INFO [860/1506] ok WELL-00010_20180423210016.parquet (121 min, 0.0s)
2026-10-03 00:26:59,513 INFO [861/1506] ok WELL-00010_20180423190021.parquet (121 min, 0.0s)
2026-10-03 00:26:59,513 INFO [862/1506] ok WELL-00010_20180424010059.parquet (121 min, 0.0s)
2026-10-03 00:26:59,537 INFO [863/1506] ok WELL-00010_20180424090046.parquet (121 min, 0.0s)
2026-10-03 00:26:59,538 INFO [864/1506] ok WELL-00010_20180424030012.parquet (121 min, 0.0s)
2026-10-03 00:26:59,538 INFO [865/1506] ok WELL-00010_20180424050029.parquet (121 min, 0.0s)
2026-10-03 00:26:59,538 INFO [866/1506] ok WELL-00010_20180424070107.parquet (119 min, 0.0s)
2026-10-03 00:26:59,562 INFO [867/1506] ok WELL-00010_20180424150129.parquet (120 min, 0.0s)
2026-10-03 00:26:59,562 INFO [868/1506] ok WELL-00010_20180424130033.parquet (118 min, 0.0s)
2026-10-03 00:26:59,563 INFO [869/1506] ok WELL-00010_20180424110050.parquet (119 min, 0.0s)
2026-10-03 00:26:59,563 INFO [870/1506] ok WELL-00010_20180424170033.parquet (121 min, 0.0s)
2026-10-03 00:26:59,588 INFO [871/1506] ok WELL-00010_20180424210211.parquet (119 min, 0.0s)
2026-10-03 00:26:59,589 INFO [872/1506] ok WELL-00010_20180425010050.parquet (121 min, 0.0s)
2026-10-03 00:26:59,590 INFO [873/1506] ok WELL-00010_20180424230232.parquet (119 min, 0.0s)
2026-10-03 00:26:59,591 INFO [874/1506] ok WELL-00010_20180424190133.parquet (120 min, 0.0s)
2026-10-03 00:26:59,613 INFO [875/1506] ok WELL-00010_20180425030224.parquet (119 min, 0.0s)
2026-10-03 00:26:59,614 INFO [876/1506] ok WELL-00010_20180425050158.parquet (120 min, 0.0s)
2026-10-03 00:26:59,616 INFO [877/1506] ok WELL-00010_20180425070141.parquet (120 min, 0.0s)
2026-10-03 00:26:59,617 INFO [878/1506] ok WELL-00010_20180425090033.parquet (121 min, 0.0s)
2026-10-03 00:26:59,641 INFO [879/1506] ok WELL-00010_20180425130016.parquet (121 min, 0.0s)
2026-10-03 00:26:59,642 INFO [880/1506] ok WELL-00010_20180425170046.parquet (121 min, 0.0s)
2026-10-03 00:26:59,643 INFO [881/1506] ok WELL-00010_20180425110029.parquet (121 min, 0.0s)
2026-10-03 00:26:59,643 INFO [882/1506] ok WELL-00010_20180425150107.parquet (120 min, 0.0s)
2026-10-03 00:26:59,665 INFO [883/1506] ok WELL-00010_20180425190116.parquet (120 min, 0.0s)
2026-10-03 00:26:59,666 INFO [884/1506] ok WELL-00010_20180425210046.parquet (121 min, 0.0s)
2026-10-03 00:26:59,669 INFO [885/1506] ok WELL-00010_20180425230124.parquet (120 min, 0.0s)
2026-10-03 00:26:59,669 INFO [886/1506] ok WELL-00010_20180426010124.parquet (120 min, 0.0s)
2026-10-03 00:26:59,692 INFO [887/1506] ok WELL-00010_20180426050029.parquet (121 min, 0.0s)
2026-10-03 00:26:59,692 INFO [888/1506] ok WELL-00010_20180426030033.parquet (121 min, 0.0s)
2026-10-03 00:26:59,693 INFO [889/1506] ok WELL-00010_20180426070025.parquet (121 min, 0.0s)
2026-10-03 00:26:59,694 INFO [890/1506] ok WELL-00010_20180426090042.parquet (121 min, 0.0s)
2026-10-03 00:26:59,717 INFO [891/1506] ok WELL-00010_20180426130141.parquet (120 min, 0.0s)
2026-10-03 00:26:59,717 INFO [892/1506] ok WELL-00010_20180426150008.parquet (121 min, 0.0s)
2026-10-03 00:26:59,718 INFO [893/1506] ok WELL-00010_20180426110107.parquet (120 min, 0.0s)
2026-10-03 00:26:59,719 INFO [894/1506] ok WELL-00010_20180426170103.parquet (120 min, 0.0s)
2026-10-03 00:26:59,741 INFO [895/1506] ok WELL-00010_20180426230008.parquet (121 min, 0.0s)
2026-10-03 00:26:59,743 INFO [896/1506] ok WELL-00010_20180427010029.parquet (120 min, 0.0s)
2026-10-03 00:26:59,744 INFO [897/1506] ok WELL-00010_20180426210116.parquet (120 min, 0.0s)
2026-10-03 00:26:59,744 INFO [898/1506] ok WELL-00010_20180426190107.parquet (120 min, 0.0s)
2026-10-03 00:26:59,767 INFO [899/1506] ok WELL-00010_20180427030025.parquet (121 min, 0.0s)
2026-10-03 00:26:59,767 INFO [900/1506] ok WELL-00010_20180427050042.parquet (121 min, 0.0s)
2026-10-03 00:26:59,768 INFO [901/1506] ok WELL-00010_20180427070107.parquet (120 min, 0.0s)
2026-10-03 00:26:59,770 INFO [902/1506] ok WELL-00010_20180427090107.parquet (120 min, 0.0s)
2026-10-03 00:26:59,792 INFO [903/1506] ok WELL-00010_20180427130112.parquet (120 min, 0.0s)
2026-10-03 00:26:59,796 INFO [904/1506] ok WELL-00010_20180427110016.parquet (121 min, 0.0s)
2026-10-03 00:26:59,797 INFO [905/1506] ok WELL-00010_20180427150025.parquet (121 min, 0.0s)
2026-10-03 00:26:59,797 INFO [906/1506] ok WELL-00010_20180427170042.parquet (121 min, 0.0s)
2026-10-03 00:26:59,818 INFO [907/1506] ok WELL-00010_20180427190340.parquet (118 min, 0.0s)
2026-10-03 00:26:59,820 INFO [908/1506] ok WELL-00010_20180427210055.parquet (121 min, 0.0s)
2026-10-03 00:26:59,821 INFO [909/1506] ok WELL-00010_20180427230016.parquet (121 min, 0.0s)
2026-10-03 00:26:59,822 INFO [910/1506] ok WELL-00010_20180428010211.parquet (119 min, 0.0s)
2026-10-03 00:26:59,845 INFO [911/1506] ok WELL-00010_20180428030137.parquet (120 min, 0.0s)
2026-10-03 00:26:59,846 INFO [912/1506] ok WELL-00010_20180428050033.parquet (121 min, 0.0s)
2026-10-03 00:26:59,848 INFO [913/1506] ok WELL-00010_20180428070033.parquet (121 min, 0.0s)
2026-10-03 00:26:59,848 INFO [914/1506] ok WELL-00010_20180428090116.parquet (120 min, 0.0s)
2026-10-03 00:26:59,869 INFO [915/1506] ok WELL-00010_20180428110207.parquet (119 min, 0.0s)
2026-10-03 00:26:59,872 INFO [916/1506] ok WELL-00010_20180428130249.parquet (119 min, 0.0s)
2026-10-03 00:26:59,874 INFO [917/1506] ok WELL-00014_20170915100033.parquet (121 min, 0.0s)
2026-10-03 00:26:59,875 INFO [918/1506] ok WELL-00014_20170915080021.parquet (121 min, 0.0s)
2026-10-03 00:26:59,900 INFO [919/1506] ok WELL-00014_20170915140059.parquet (121 min, 0.0s)
2026-10-03 00:26:59,900 INFO [920/1506] ok WELL-00014_20170915120107.parquet (120 min, 0.0s)
2026-10-03 00:26:59,900 INFO [921/1506] ok WELL-00014_20170915160012.parquet (121 min, 0.0s)
2026-10-03 00:26:59,903 INFO [922/1506] ok WELL-00014_20170915180050.parquet (121 min, 0.0s)
2026-10-03 00:26:59,927 INFO [923/1506] ok WELL-00014_20170916170016.parquet (121 min, 0.0s)
2026-10-03 00:26:59,928 INFO [924/1506] ok WELL-00014_20170915200116.parquet (120 min, 0.0s)
2026-10-03 00:26:59,932 INFO [925/1506] ok WELL-00014_20170916210059.parquet (121 min, 0.0s)
2026-10-03 00:26:59,941 INFO [926/1506] ok WELL-00014_20170916190112.parquet (120 min, 0.0s)
2026-10-03 00:26:59,957 INFO [927/1506] ok WELL-00014_20170917010012.parquet (119 min, 0.0s)
2026-10-03 00:26:59,959 INFO [928/1506] ok WELL-00014_20170916230042.parquet (121 min, 0.0s)
2026-10-03 00:26:59,973 INFO [929/1506] ok WELL-00014_20170917050111.parquet (118 min, 0.0s)
2026-10-03 00:26:59,980 INFO [930/1506] ok WELL-00014_20170917030228.parquet (119 min, 0.0s)
2026-10-03 00:26:59,990 INFO [931/1506] ok WELL-00014_20170917070112.parquet (120 min, 0.0s)
2026-10-03 00:26:59,992 INFO [932/1506] ok WELL-00014_20170917090055.parquet (121 min, 0.0s)
2026-10-03 00:27:00,002 INFO [933/1506] ok WELL-00014_20170917110016.parquet (120 min, 0.0s)
2026-10-03 00:27:00,011 INFO [934/1506] ok WELL-00014_20170923150033.parquet (121 min, 0.0s)
2026-10-03 00:27:00,021 INFO [935/1506] ok WELL-00014_20170923170059.parquet (121 min, 0.0s)
2026-10-03 00:27:00,022 INFO [936/1506] ok WELL-00014_20170923190120.parquet (120 min, 0.0s)
2026-10-03 00:27:00,031 INFO [937/1506] ok WELL-00014_20170924160050.parquet (121 min, 0.0s)
2026-10-03 00:27:00,052 INFO [938/1506] ok SIMULATED_00001.parquet (451 min, 0.0s)
2026-10-03 00:27:00,056 INFO [939/1506] ok SIMULATED_00002.parquet (451 min, 0.0s)
2026-10-03 00:27:00,056 INFO [940/1506] ok SIMULATED_00003.parquet (451 min, 0.0s)
2026-10-03 00:27:00,073 INFO [941/1506] ok SIMULATED_00004.parquet (451 min, 0.0s)
2026-10-03 00:27:00,091 INFO [942/1506] ok SIMULATED_00005.parquet (451 min, 0.0s)
2026-10-03 00:27:00,093 INFO [943/1506] ok SIMULATED_00006.parquet (451 min, 0.0s)
2026-10-03 00:27:00,095 INFO [944/1506] ok SIMULATED_00007.parquet (451 min, 0.0s)
2026-10-03 00:27:00,113 INFO [945/1506] ok SIMULATED_00008.parquet (451 min, 0.0s)
2026-10-03 00:27:00,128 INFO [946/1506] ok SIMULATED_00009.parquet (451 min, 0.0s)
2026-10-03 00:27:00,129 INFO [947/1506] ok SIMULATED_00011.parquet (451 min, 0.0s)
2026-10-03 00:27:00,130 INFO [948/1506] ok SIMULATED_00010.parquet (451 min, 0.0s)
2026-10-03 00:27:00,153 INFO [949/1506] ok SIMULATED_00012.parquet (451 min, 0.0s)
2026-10-03 00:27:00,164 INFO [950/1506] ok SIMULATED_00013.parquet (451 min, 0.0s)
2026-10-03 00:27:00,165 INFO [951/1506] ok SIMULATED_00014.parquet (451 min, 0.0s)
2026-10-03 00:27:00,168 INFO [952/1506] ok SIMULATED_00015.parquet (451 min, 0.0s)
2026-10-03 00:27:00,189 INFO [953/1506] ok SIMULATED_00016.parquet (451 min, 0.0s)
2026-10-03 00:27:00,200 INFO [954/1506] ok SIMULATED_00017.parquet (451 min, 0.0s)
2026-10-03 00:27:00,202 INFO [955/1506] ok SIMULATED_00018.parquet (451 min, 0.0s)
2026-10-03 00:27:00,207 INFO [956/1506] ok SIMULATED_00019.parquet (451 min, 0.0s)
2026-10-03 00:27:00,223 INFO [957/1506] ok SIMULATED_00020.parquet (451 min, 0.0s)
2026-10-03 00:27:00,237 INFO [958/1506] ok SIMULATED_00021.parquet (451 min, 0.0s)
2026-10-03 00:27:00,238 INFO [959/1506] ok SIMULATED_00022.parquet (451 min, 0.0s)
2026-10-03 00:27:00,247 INFO [960/1506] ok SIMULATED_00023.parquet (451 min, 0.0s)
2026-10-03 00:27:00,260 INFO [961/1506] ok SIMULATED_00024.parquet (451 min, 0.0s)
2026-10-03 00:27:00,272 INFO [962/1506] ok SIMULATED_00026.parquet (451 min, 0.0s)
2026-10-03 00:27:00,273 INFO [963/1506] ok SIMULATED_00025.parquet (451 min, 0.0s)
2026-10-03 00:27:00,281 INFO [964/1506] ok SIMULATED_00027.parquet (451 min, 0.0s)
2026-10-03 00:27:00,298 INFO [965/1506] ok SIMULATED_00028.parquet (451 min, 0.0s)
2026-10-03 00:27:00,308 INFO [966/1506] ok SIMULATED_00030.parquet (451 min, 0.0s)
2026-10-03 00:27:00,309 INFO [967/1506] ok SIMULATED_00029.parquet (451 min, 0.0s)
2026-10-03 00:27:00,315 INFO [968/1506] ok SIMULATED_00031.parquet (451 min, 0.0s)
2026-10-03 00:27:00,333 INFO [969/1506] ok SIMULATED_00032.parquet (451 min, 0.0s)
2026-10-03 00:27:00,343 INFO [970/1506] ok SIMULATED_00033.parquet (451 min, 0.0s)
2026-10-03 00:27:00,343 INFO [971/1506] ok SIMULATED_00034.parquet (451 min, 0.0s)
2026-10-03 00:27:00,350 INFO [972/1506] ok SIMULATED_00035.parquet (451 min, 0.0s)
2026-10-03 00:27:00,368 INFO [973/1506] ok SIMULATED_00036.parquet (451 min, 0.0s)
2026-10-03 00:27:00,376 INFO [974/1506] ok SIMULATED_00038.parquet (451 min, 0.0s)
2026-10-03 00:27:00,376 INFO [975/1506] ok SIMULATED_00037.parquet (450 min, 0.0s)
2026-10-03 00:27:00,386 INFO [976/1506] ok SIMULATED_00039.parquet (451 min, 0.0s)
2026-10-03 00:27:00,404 INFO [977/1506] ok SIMULATED_00040.parquet (451 min, 0.0s)
2026-10-03 00:27:00,409 INFO [978/1506] ok SIMULATED_00041.parquet (451 min, 0.0s)
2026-10-03 00:27:00,413 INFO [979/1506] ok SIMULATED_00042.parquet (451 min, 0.0s)
2026-10-03 00:27:00,421 INFO [980/1506] ok SIMULATED_00043.parquet (451 min, 0.0s)
2026-10-03 00:27:00,439 INFO [981/1506] ok SIMULATED_00044.parquet (451 min, 0.0s)
2026-10-03 00:27:00,445 INFO [982/1506] ok SIMULATED_00045.parquet (451 min, 0.0s)
2026-10-03 00:27:00,447 INFO [983/1506] ok SIMULATED_00046.parquet (451 min, 0.0s)
2026-10-03 00:27:00,456 INFO [984/1506] ok SIMULATED_00047.parquet (451 min, 0.0s)
2026-10-03 00:27:00,477 INFO [985/1506] ok SIMULATED_00048.parquet (451 min, 0.0s)
2026-10-03 00:27:00,483 INFO [986/1506] ok SIMULATED_00049.parquet (451 min, 0.0s)
2026-10-03 00:27:00,484 INFO [987/1506] ok SIMULATED_00050.parquet (451 min, 0.0s)
2026-10-03 00:27:00,496 INFO [988/1506] ok SIMULATED_00051.parquet (451 min, 0.0s)
2026-10-03 00:27:00,513 INFO [989/1506] ok SIMULATED_00052.parquet (451 min, 0.0s)
2026-10-03 00:27:00,518 INFO [990/1506] ok SIMULATED_00053.parquet (451 min, 0.0s)
2026-10-03 00:27:00,521 INFO [991/1506] ok SIMULATED_00054.parquet (451 min, 0.0s)
2026-10-03 00:27:00,532 INFO [992/1506] ok SIMULATED_00055.parquet (451 min, 0.0s)
2026-10-03 00:27:00,551 INFO [993/1506] ok SIMULATED_00056.parquet (451 min, 0.0s)
2026-10-03 00:27:00,553 INFO [994/1506] ok SIMULATED_00057.parquet (451 min, 0.0s)
2026-10-03 00:27:00,557 INFO [995/1506] ok SIMULATED_00058.parquet (451 min, 0.0s)
2026-10-03 00:27:00,569 INFO [996/1506] ok SIMULATED_00059.parquet (451 min, 0.0s)
2026-10-03 00:27:00,587 INFO [997/1506] ok SIMULATED_00060.parquet (451 min, 0.0s)
2026-10-03 00:27:00,587 INFO [998/1506] ok SIMULATED_00061.parquet (451 min, 0.0s)
2026-10-03 00:27:00,596 INFO [999/1506] ok SIMULATED_00062.parquet (451 min, 0.0s)
2026-10-03 00:27:00,604 INFO [1000/1506] ok SIMULATED_00063.parquet (451 min, 0.0s)
2026-10-03 00:27:00,621 INFO [1001/1506] ok SIMULATED_00065.parquet (451 min, 0.0s)
2026-10-03 00:27:00,623 INFO [1002/1506] ok SIMULATED_00064.parquet (451 min, 0.0s)
2026-10-03 00:27:00,629 INFO [1003/1506] ok SIMULATED_00066.parquet (451 min, 0.0s)
2026-10-03 00:27:00,640 INFO [1004/1506] ok SIMULATED_00067.parquet (451 min, 0.0s)
2026-10-03 00:27:00,655 INFO [1005/1506] ok SIMULATED_00068.parquet (451 min, 0.0s)
2026-10-03 00:27:00,659 INFO [1006/1506] ok SIMULATED_00069.parquet (451 min, 0.0s)
2026-10-03 00:27:00,665 INFO [1007/1506] ok SIMULATED_00070.parquet (451 min, 0.0s)
2026-10-03 00:27:00,677 INFO [1008/1506] ok SIMULATED_00071.parquet (451 min, 0.0s)
2026-10-03 00:27:00,690 INFO [1009/1506] ok SIMULATED_00072.parquet (451 min, 0.0s)
2026-10-03 00:27:00,694 INFO [1010/1506] ok SIMULATED_00073.parquet (451 min, 0.0s)
2026-10-03 00:27:00,700 INFO [1011/1506] ok SIMULATED_00074.parquet (451 min, 0.0s)
2026-10-03 00:27:00,711 INFO [1012/1506] ok SIMULATED_00075.parquet (451 min, 0.0s)
2026-10-03 00:27:00,725 INFO [1013/1506] ok SIMULATED_00076.parquet (451 min, 0.0s)
2026-10-03 00:27:00,731 INFO [1014/1506] ok SIMULATED_00077.parquet (451 min, 0.0s)
2026-10-03 00:27:00,735 INFO [1015/1506] ok SIMULATED_00078.parquet (451 min, 0.0s)
2026-10-03 00:27:00,750 INFO [1016/1506] ok SIMULATED_00079.parquet (451 min, 0.0s)
2026-10-03 00:27:00,762 INFO [1017/1506] ok SIMULATED_00080.parquet (451 min, 0.0s)
2026-10-03 00:27:00,768 INFO [1018/1506] ok SIMULATED_00081.parquet (451 min, 0.0s)
2026-10-03 00:27:00,770 INFO [1019/1506] ok SIMULATED_00082.parquet (451 min, 0.0s)
2026-10-03 00:27:00,790 INFO [1020/1506] ok SIMULATED_00083.parquet (451 min, 0.0s)
2026-10-03 00:27:00,800 INFO [1021/1506] ok SIMULATED_00084.parquet (451 min, 0.0s)
2026-10-03 00:27:00,805 INFO [1022/1506] ok SIMULATED_00085.parquet (451 min, 0.0s)
2026-10-03 00:27:00,806 INFO [1023/1506] ok SIMULATED_00086.parquet (451 min, 0.0s)
2026-10-03 00:27:00,827 INFO [1024/1506] ok SIMULATED_00087.parquet (451 min, 0.0s)
2026-10-03 00:27:00,834 INFO [1025/1506] ok SIMULATED_00088.parquet (451 min, 0.0s)
2026-10-03 00:27:00,841 INFO [1026/1506] ok SIMULATED_00089.parquet (451 min, 0.0s)
2026-10-03 00:27:00,842 INFO [1027/1506] ok SIMULATED_00090.parquet (451 min, 0.0s)
2026-10-03 00:27:00,862 INFO [1028/1506] ok SIMULATED_00091.parquet (451 min, 0.0s)
2026-10-03 00:27:00,867 INFO [1029/1506] ok SIMULATED_00092.parquet (451 min, 0.0s)
2026-10-03 00:27:00,875 INFO [1030/1506] ok SIMULATED_00094.parquet (451 min, 0.0s)
2026-10-03 00:27:00,875 INFO [1031/1506] ok SIMULATED_00093.parquet (451 min, 0.0s)
2026-10-03 00:27:00,895 INFO [1032/1506] ok SIMULATED_00095.parquet (451 min, 0.0s)
2026-10-03 00:27:00,900 INFO [1033/1506] ok SIMULATED_00096.parquet (451 min, 0.0s)
2026-10-03 00:27:00,908 INFO [1034/1506] ok SIMULATED_00098.parquet (451 min, 0.0s)
2026-10-03 00:27:00,910 INFO [1035/1506] ok SIMULATED_00097.parquet (451 min, 0.0s)
2026-10-03 00:27:00,930 INFO [1036/1506] ok SIMULATED_00099.parquet (451 min, 0.0s)
2026-10-03 00:27:00,934 INFO [1037/1506] ok SIMULATED_00100.parquet (451 min, 0.0s)
2026-10-03 00:27:00,946 INFO [1038/1506] ok SIMULATED_00101.parquet (451 min, 0.0s)
2026-10-03 00:27:00,947 INFO [1039/1506] ok SIMULATED_00102.parquet (451 min, 0.0s)
2026-10-03 00:27:00,965 INFO [1040/1506] ok SIMULATED_00103.parquet (451 min, 0.0s)
2026-10-03 00:27:00,969 INFO [1041/1506] ok SIMULATED_00104.parquet (451 min, 0.0s)
2026-10-03 00:27:00,982 INFO [1042/1506] ok SIMULATED_00106.parquet (450 min, 0.0s)
2026-10-03 00:27:00,984 INFO [1043/1506] ok SIMULATED_00105.parquet (451 min, 0.0s)
2026-10-03 00:27:01,006 INFO [1044/1506] ok SIMULATED_00107.parquet (451 min, 0.0s)
2026-10-03 00:27:01,008 INFO [1045/1506] ok SIMULATED_00108.parquet (451 min, 0.0s)
2026-10-03 00:27:01,021 INFO [1046/1506] ok SIMULATED_00109.parquet (451 min, 0.0s)
2026-10-03 00:27:01,023 INFO [1047/1506] ok SIMULATED_00110.parquet (451 min, 0.0s)
2026-10-03 00:27:01,043 INFO [1048/1506] ok SIMULATED_00111.parquet (451 min, 0.0s)
2026-10-03 00:27:01,044 INFO [1049/1506] ok SIMULATED_00112.parquet (451 min, 0.0s)
2026-10-03 00:27:01,058 INFO [1050/1506] ok SIMULATED_00114.parquet (451 min, 0.0s)
2026-10-03 00:27:01,059 INFO [1051/1506] ok SIMULATED_00113.parquet (451 min, 0.0s)
2026-10-03 00:27:01,078 INFO [1052/1506] ok SIMULATED_00115.parquet (451 min, 0.0s)
2026-10-03 00:27:01,078 INFO [1053/1506] ok SIMULATED_00116.parquet (451 min, 0.0s)
2026-10-03 00:27:01,092 INFO [1054/1506] ok SIMULATED_00117.parquet (451 min, 0.0s)
2026-10-03 00:27:01,095 INFO [1055/1506] ok SIMULATED_00118.parquet (451 min, 0.0s)
2026-10-03 00:27:01,114 INFO [1056/1506] ok SIMULATED_00120.parquet (451 min, 0.0s)
2026-10-03 00:27:01,114 INFO [1057/1506] ok SIMULATED_00119.parquet (451 min, 0.0s)
2026-10-03 00:27:01,128 INFO [1058/1506] ok SIMULATED_00121.parquet (451 min, 0.0s)
2026-10-03 00:27:01,131 INFO [1059/1506] ok SIMULATED_00122.parquet (451 min, 0.0s)
2026-10-03 00:27:01,148 INFO [1060/1506] ok SIMULATED_00123.parquet (451 min, 0.0s)
2026-10-03 00:27:01,149 INFO [1061/1506] ok SIMULATED_00124.parquet (451 min, 0.0s)
2026-10-03 00:27:01,164 INFO [1062/1506] ok SIMULATED_00126.parquet (451 min, 0.0s)
2026-10-03 00:27:01,164 INFO [1063/1506] ok SIMULATED_00125.parquet (451 min, 0.0s)
2026-10-03 00:27:01,182 INFO [1064/1506] ok SIMULATED_00127.parquet (451 min, 0.0s)
2026-10-03 00:27:01,183 INFO [1065/1506] ok SIMULATED_00128.parquet (451 min, 0.0s)
2026-10-03 00:27:01,199 INFO [1066/1506] ok SIMULATED_00129.parquet (451 min, 0.0s)
2026-10-03 00:27:01,199 INFO [1067/1506] ok SIMULATED_00130.parquet (451 min, 0.0s)
2026-10-03 00:27:01,215 INFO [1068/1506] ok SIMULATED_00131.parquet (451 min, 0.0s)
2026-10-03 00:27:01,217 INFO [1069/1506] ok SIMULATED_00132.parquet (451 min, 0.0s)
2026-10-03 00:27:01,236 INFO [1070/1506] ok SIMULATED_00133.parquet (451 min, 0.0s)
2026-10-03 00:27:01,236 INFO [1071/1506] ok SIMULATED_00134.parquet (451 min, 0.0s)
2026-10-03 00:27:01,249 INFO [1072/1506] ok SIMULATED_00135.parquet (451 min, 0.0s)
2026-10-03 00:27:01,251 INFO [1073/1506] ok SIMULATED_00136.parquet (451 min, 0.0s)
2026-10-03 00:27:01,270 INFO [1074/1506] ok SIMULATED_00137.parquet (451 min, 0.0s)
2026-10-03 00:27:01,271 INFO [1075/1506] ok SIMULATED_00138.parquet (451 min, 0.0s)
2026-10-03 00:27:01,284 INFO [1076/1506] ok SIMULATED_00139.parquet (451 min, 0.0s)
2026-10-03 00:27:01,285 INFO [1077/1506] ok SIMULATED_00140.parquet (451 min, 0.0s)
2026-10-03 00:27:01,303 INFO [1078/1506] ok SIMULATED_00142.parquet (451 min, 0.0s)
2026-10-03 00:27:01,303 INFO [1079/1506] ok SIMULATED_00141.parquet (451 min, 0.0s)
2026-10-03 00:27:01,318 INFO [1080/1506] ok SIMULATED_00143.parquet (451 min, 0.0s)
2026-10-03 00:27:01,319 INFO [1081/1506] ok SIMULATED_00144.parquet (451 min, 0.0s)
2026-10-03 00:27:01,336 INFO [1082/1506] ok SIMULATED_00145.parquet (450 min, 0.0s)
2026-10-03 00:27:01,337 INFO [1083/1506] ok SIMULATED_00146.parquet (451 min, 0.0s)
2026-10-03 00:27:01,351 INFO [1084/1506] ok SIMULATED_00147.parquet (451 min, 0.0s)
2026-10-03 00:27:01,353 INFO [1085/1506] ok SIMULATED_00148.parquet (451 min, 0.0s)
2026-10-03 00:27:01,369 INFO [1086/1506] ok SIMULATED_00149.parquet (451 min, 0.0s)
2026-10-03 00:27:01,370 INFO [1087/1506] ok SIMULATED_00150.parquet (451 min, 0.0s)
2026-10-03 00:27:01,388 INFO [1088/1506] ok SIMULATED_00151.parquet (451 min, 0.0s)
2026-10-03 00:27:01,389 INFO [1089/1506] ok SIMULATED_00152.parquet (451 min, 0.0s)
2026-10-03 00:27:01,406 INFO [1090/1506] ok SIMULATED_00153.parquet (451 min, 0.0s)
2026-10-03 00:27:01,406 INFO [1091/1506] ok SIMULATED_00154.parquet (451 min, 0.0s)
2026-10-03 00:27:01,422 INFO [1092/1506] ok SIMULATED_00155.parquet (451 min, 0.0s)
2026-10-03 00:27:01,424 INFO [1093/1506] ok SIMULATED_00156.parquet (451 min, 0.0s)
2026-10-03 00:27:01,441 INFO [1094/1506] ok SIMULATED_00157.parquet (451 min, 0.0s)
2026-10-03 00:27:01,441 INFO [1095/1506] ok SIMULATED_00158.parquet (451 min, 0.0s)
2026-10-03 00:27:01,457 INFO [1096/1506] ok SIMULATED_00159.parquet (451 min, 0.0s)
2026-10-03 00:27:01,458 INFO [1097/1506] ok SIMULATED_00160.parquet (451 min, 0.0s)
2026-10-03 00:27:01,476 INFO [1098/1506] ok SIMULATED_00162.parquet (451 min, 0.0s)
2026-10-03 00:27:01,476 INFO [1099/1506] ok SIMULATED_00161.parquet (451 min, 0.0s)
2026-10-03 00:27:01,491 INFO [1100/1506] ok SIMULATED_00163.parquet (451 min, 0.0s)
2026-10-03 00:27:01,491 INFO [1101/1506] ok SIMULATED_00164.parquet (451 min, 0.0s)
2026-10-03 00:27:01,512 INFO [1102/1506] ok SIMULATED_00165.parquet (451 min, 0.0s)
2026-10-03 00:27:01,512 INFO [1103/1506] ok SIMULATED_00166.parquet (451 min, 0.0s)
2026-10-03 00:27:01,524 INFO [1104/1506] ok SIMULATED_00167.parquet (451 min, 0.0s)
2026-10-03 00:27:01,529 INFO [1105/1506] ok SIMULATED_00168.parquet (451 min, 0.0s)
2026-10-03 00:27:01,546 INFO [1106/1506] ok SIMULATED_00170.parquet (451 min, 0.0s)
2026-10-03 00:27:01,546 INFO [1107/1506] ok SIMULATED_00169.parquet (451 min, 0.0s)
2026-10-03 00:27:01,557 INFO [1108/1506] ok SIMULATED_00171.parquet (451 min, 0.0s)
2026-10-03 00:27:01,562 INFO [1109/1506] ok SIMULATED_00172.parquet (451 min, 0.0s)
2026-10-03 00:27:01,579 INFO [1110/1506] ok SIMULATED_00174.parquet (451 min, 0.0s)
2026-10-03 00:27:01,579 INFO [1111/1506] ok SIMULATED_00173.parquet (451 min, 0.0s)
2026-10-03 00:27:01,590 INFO [1112/1506] ok SIMULATED_00175.parquet (451 min, 0.0s)
2026-10-03 00:27:01,596 INFO [1113/1506] ok SIMULATED_00176.parquet (451 min, 0.0s)
2026-10-03 00:27:01,617 INFO [1114/1506] ok SIMULATED_00178.parquet (451 min, 0.0s)
2026-10-03 00:27:01,619 INFO [1115/1506] ok SIMULATED_00177.parquet (450 min, 0.0s)
2026-10-03 00:27:01,628 INFO [1116/1506] ok SIMULATED_00179.parquet (451 min, 0.0s)
2026-10-03 00:27:01,632 INFO [1117/1506] ok SIMULATED_00180.parquet (451 min, 0.0s)
2026-10-03 00:27:01,656 INFO [1118/1506] ok SIMULATED_00182.parquet (451 min, 0.0s)
2026-10-03 00:27:01,657 INFO [1119/1506] ok SIMULATED_00181.parquet (451 min, 0.0s)
2026-10-03 00:27:01,664 INFO [1120/1506] ok SIMULATED_00183.parquet (451 min, 0.0s)
2026-10-03 00:27:01,669 INFO [1121/1506] ok SIMULATED_00184.parquet (451 min, 0.0s)
2026-10-03 00:27:01,694 INFO [1122/1506] ok SIMULATED_00185.parquet (451 min, 0.0s)
2026-10-03 00:27:01,695 INFO [1123/1506] ok SIMULATED_00186.parquet (451 min, 0.0s)
2026-10-03 00:27:01,702 INFO [1124/1506] ok SIMULATED_00187.parquet (451 min, 0.0s)
2026-10-03 00:27:01,705 INFO [1125/1506] ok SIMULATED_00188.parquet (451 min, 0.0s)
2026-10-03 00:27:01,728 INFO [1126/1506] ok SIMULATED_00190.parquet (451 min, 0.0s)
2026-10-03 00:27:01,731 INFO [1127/1506] ok SIMULATED_00189.parquet (451 min, 0.0s)
2026-10-03 00:27:01,741 INFO [1128/1506] ok SIMULATED_00191.parquet (451 min, 0.0s)
2026-10-03 00:27:01,742 INFO [1129/1506] ok SIMULATED_00192.parquet (451 min, 0.0s)
2026-10-03 00:27:01,766 INFO [1130/1506] ok SIMULATED_00194.parquet (451 min, 0.0s)
2026-10-03 00:27:01,768 INFO [1131/1506] ok SIMULATED_00193.parquet (451 min, 0.0s)
2026-10-03 00:27:01,777 INFO [1132/1506] ok SIMULATED_00195.parquet (451 min, 0.0s)
2026-10-03 00:27:01,778 INFO [1133/1506] ok SIMULATED_00196.parquet (451 min, 0.0s)
2026-10-03 00:27:01,802 INFO [1134/1506] ok SIMULATED_00197.parquet (451 min, 0.0s)
2026-10-03 00:27:01,803 INFO [1135/1506] ok SIMULATED_00198.parquet (451 min, 0.0s)
2026-10-03 00:27:01,808 INFO [1136/1506] ok SIMULATED_00199.parquet (451 min, 0.0s)
2026-10-03 00:27:01,815 INFO [1137/1506] ok SIMULATED_00200.parquet (451 min, 0.0s)
2026-10-03 00:27:01,838 INFO [1138/1506] ok SIMULATED_00202.parquet (451 min, 0.0s)
2026-10-03 00:27:01,838 INFO [1139/1506] ok SIMULATED_00201.parquet (451 min, 0.0s)
2026-10-03 00:27:01,841 INFO [1140/1506] ok SIMULATED_00203.parquet (450 min, 0.0s)
2026-10-03 00:27:01,854 INFO [1141/1506] ok SIMULATED_00204.parquet (451 min, 0.0s)
2026-10-03 00:27:01,869 INFO [1142/1506] ok SIMULATED_00205.parquet (451 min, 0.0s)
2026-10-03 00:27:01,872 INFO [1143/1506] ok SIMULATED_00206.parquet (451 min, 0.0s)
2026-10-03 00:27:01,873 INFO [1144/1506] ok SIMULATED_00207.parquet (450 min, 0.0s)
2026-10-03 00:27:01,890 INFO [1145/1506] ok SIMULATED_00208.parquet (451 min, 0.0s)
2026-10-03 00:27:01,901 INFO [1146/1506] ok SIMULATED_00209.parquet (451 min, 0.0s)
2026-10-03 00:27:01,905 INFO [1147/1506] ok SIMULATED_00210.parquet (451 min, 0.0s)
2026-10-03 00:27:01,905 INFO [1148/1506] ok SIMULATED_00211.parquet (451 min, 0.0s)
2026-10-03 00:27:01,923 INFO [1149/1506] ok SIMULATED_00212.parquet (451 min, 0.0s)
2026-10-03 00:27:01,934 INFO [1150/1506] ok SIMULATED_00213.parquet (451 min, 0.0s)
2026-10-03 00:27:01,938 INFO [1151/1506] ok SIMULATED_00215.parquet (451 min, 0.0s)
2026-10-03 00:27:01,938 INFO [1152/1506] ok SIMULATED_00214.parquet (451 min, 0.0s)
2026-10-03 00:27:01,956 INFO [1153/1506] ok WELL-00002_20140212160333.parquet (407 min, 0.0s)
2026-10-03 00:27:01,962 INFO [1154/1506] ok WELL-00004_20171031171509.parquet (60 min, 0.0s)
2026-10-03 00:27:01,962 INFO [1155/1506] ok WELL-00002_20140301141700.parquet (192 min, 0.0s)
2026-10-03 00:27:01,965 INFO [1156/1506] ok WELL-00002_20140325160304.parquet (201 min, 0.0s)
2026-10-03 00:27:01,989 INFO [1157/1506] ok WELL-00004_20171031181500.parquet (34 min, 0.0s)
2026-10-03 00:27:02,002 INFO [1158/1506] ok WELL-00004_20171031184839.parquet (41 min, 0.0s)
2026-10-03 00:27:02,045 INFO [1159/1506] ok DRAWN_00004.parquet (721 min, 0.0s)
2026-10-03 00:27:02,187 INFO [1160/1506] ok DRAWN_00002.parquet (5761 min, 0.2s)
2026-10-03 00:27:02,192 INFO [1161/1506] ok DRAWN_00003.parquet (5761 min, 0.2s)
2026-10-03 00:27:02,192 INFO [1162/1506] ok DRAWN_00001.parquet (5761 min, 0.2s)
2026-10-03 00:27:02,260 INFO [1163/1506] ok DRAWN_00005.parquet (5761 min, 0.2s)
2026-10-03 00:27:02,299 INFO [1164/1506] ok DRAWN_00009.parquet (721 min, 0.0s)
2026-10-03 00:27:02,300 INFO [1165/1506] ok DRAWN_00008.parquet (2881 min, 0.1s)
2026-10-03 00:27:02,362 INFO [1166/1506] ok WELL-00001_20170226130146.parquet (1218 min, 0.1s)
2026-10-03 00:27:02,368 INFO [1167/1506] ok DRAWN_00010.parquet (1441 min, 0.1s)
2026-10-03 00:27:02,385 INFO [1168/1506] ok DRAWN_00006.parquet (5761 min, 0.2s)
2026-10-03 00:27:02,409 INFO [1169/1506] ok DRAWN_00007.parquet (5761 min, 0.2s)
2026-10-03 00:27:02,431 INFO [1170/1506] ok WELL-00021_20180611011218.parquet (717 min, 0.0s)
2026-10-03 00:27:02,451 INFO [1171/1506] ok WELL-00006_20180618103000.parquet (2137 min, 0.1s)
2026-10-03 00:27:02,454 INFO [1172/1506] ok WELL-00006_20180620152903.parquet (1888 min, 0.1s)
2026-10-03 00:27:02,456 INFO [1173/1506] ok WELL-00021_20190403013307.parquet (748 min, 0.0s)
2026-10-03 00:27:02,577 INFO [1174/1506] ok WELL-00022_20180802233838.parquet (5003 min, 0.1s)
2026-10-03 00:27:02,596 INFO [1175/1506] ok WELL-00022_20180919003240.parquet (4769 min, 0.1s)
2026-10-03 00:27:02,698 INFO [1176/1506] ok WELL-00022_20181020133850.parquet (2931 min, 0.1s)
2026-10-03 00:27:02,711 INFO [1177/1506] ok WELL-00022_20180912025800.parquet (9303 min, 0.3s)
2026-10-03 00:27:02,754 INFO [1178/1506] ok WELL-00022_20181007080700.parquet (6534 min, 0.2s)
2026-10-03 00:27:02,783 INFO [1179/1506] ok WELL-00022_20180925003447.parquet (12747 min, 0.3s)
2026-10-03 00:27:02,791 INFO [1180/1506] ok WELL-00022_20181101193049.parquet (1891 min, 0.1s)
2026-10-03 00:27:02,907 INFO [1181/1506] ok WELL-00023_20181014121654.parquet (4725 min, 0.1s)
2026-10-03 00:27:02,925 INFO [1182/1506] ok WELL-00022_20181026005827.parquet (8072 min, 0.2s)
2026-10-03 00:27:02,954 INFO [1183/1506] ok WELL-00023_20180826212652.parquet (9275 min, 0.2s)
2026-10-03 00:27:02,969 INFO [1184/1506] ok WELL-00023_20181019115124.parquet (8050 min, 0.2s)
2026-10-03 00:27:03,011 INFO [1185/1506] ok WELL-00023_20181030045054.parquet (3730 min, 0.1s)
2026-10-03 00:27:03,021 INFO [1186/1506] ok WELL-00024_20160704180000.parquet (2521 min, 0.1s)
2026-10-03 00:27:03,085 INFO [1187/1506] ok WELL-00024_20160708024918.parquet (3401 min, 0.1s)
2026-10-03 00:27:03,089 INFO [1188/1506] ok WELL-00024_20160720230624.parquet (1945 min, 0.1s)
2026-10-03 00:27:03,133 INFO [1189/1506] ok WELL-00024_20160722105543.parquet (3185 min, 0.1s)
2026-10-03 00:27:03,169 INFO [1190/1506] ok WELL-00024_20160712123044.parquet (6577 min, 0.2s)
2026-10-03 00:27:03,170 INFO [1191/1506] ok WELL-00024_20160729172014.parquet (2238 min, 0.1s)
2026-10-03 00:27:03,211 INFO [1192/1506] ok WELL-00024_20160810123500.parquet (1676 min, 0.1s)
2026-10-03 00:27:03,222 INFO [1193/1506] ok WELL-00024_20160828150330.parquet (1018 min, 0.1s)
2026-10-03 00:27:03,232 INFO [1194/1506] ok WELL-00024_20160825100303.parquet (1318 min, 0.1s)
2026-10-03 00:27:03,257 INFO [1195/1506] ok WELL-00024_20160802001614.parquet (4812 min, 0.2s)
2026-10-03 00:27:03,279 INFO [1196/1506] ok WELL-00024_20160830190958.parquet (1582 min, 0.1s)
2026-10-03 00:27:03,297 INFO [1197/1506] ok WELL-00024_20160911063934.parquet (741 min, 0.0s)
2026-10-03 00:27:03,300 INFO [1198/1506] ok WELL-00024_20160906211412.parquet (2027 min, 0.1s)
2026-10-03 00:27:03,306 INFO [1199/1506] ok WELL-00024_20160909220000.parquet (1921 min, 0.1s)
2026-10-03 00:27:03,314 INFO [1200/1506] ok WELL-00024_20160920153331.parquet (358 min, 0.0s)
2026-10-03 00:27:03,347 INFO [1201/1506] ok WELL-00024_20160923141645.parquet (877 min, 0.1s)
2026-10-03 00:27:03,386 INFO [1202/1506] ok SIMULATED_00001.parquet (451 min, 0.0s)
2026-10-03 00:27:03,413 INFO [1203/1506] ok WELL-00024_20160926072123.parquet (3096 min, 0.1s)
2026-10-03 00:27:03,421 INFO [1204/1506] ok WELL-00024_20161001112049.parquet (3041 min, 0.1s)
2026-10-03 00:27:03,424 INFO [1205/1506] ok WELL-00024_20161026065657.parquet (2894 min, 0.1s)
2026-10-03 00:27:03,429 INFO [1206/1506] ok SIMULATED_00002.parquet (451 min, 0.0s)
2026-10-03 00:27:03,454 INFO [1207/1506] ok SIMULATED_00004.parquet (451 min, 0.0s)
2026-10-03 00:27:03,454 INFO [1208/1506] ok SIMULATED_00003.parquet (451 min, 0.0s)
2026-10-03 00:27:03,461 INFO [1209/1506] ok SIMULATED_00005.parquet (451 min, 0.0s)
2026-10-03 00:27:03,466 INFO [1210/1506] ok SIMULATED_00006.parquet (451 min, 0.0s)
2026-10-03 00:27:03,487 INFO [1211/1506] ok SIMULATED_00008.parquet (451 min, 0.0s)
2026-10-03 00:27:03,491 INFO [1212/1506] ok SIMULATED_00007.parquet (451 min, 0.0s)
2026-10-03 00:27:03,494 INFO [1213/1506] ok SIMULATED_00009.parquet (451 min, 0.0s)
2026-10-03 00:27:03,510 INFO [1214/1506] ok SIMULATED_00010.parquet (451 min, 0.0s)
2026-10-03 00:27:03,523 INFO [1215/1506] ok SIMULATED_00011.parquet (451 min, 0.0s)
2026-10-03 00:27:03,534 INFO [1216/1506] ok SIMULATED_00013.parquet (451 min, 0.0s)
2026-10-03 00:27:03,535 INFO [1217/1506] ok SIMULATED_00012.parquet (451 min, 0.0s)
2026-10-03 00:27:03,552 INFO [1218/1506] ok SIMULATED_00014.parquet (451 min, 0.0s)
2026-10-03 00:27:03,559 INFO [1219/1506] ok SIMULATED_00015.parquet (451 min, 0.0s)
2026-10-03 00:27:03,567 INFO [1220/1506] ok SIMULATED_00016.parquet (451 min, 0.0s)
2026-10-03 00:27:03,569 INFO [1221/1506] ok SIMULATED_00017.parquet (451 min, 0.0s)
2026-10-03 00:27:03,589 INFO [1222/1506] ok SIMULATED_00018.parquet (451 min, 0.0s)
2026-10-03 00:27:03,596 INFO [1223/1506] ok SIMULATED_00019.parquet (451 min, 0.0s)
2026-10-03 00:27:03,602 INFO [1224/1506] ok SIMULATED_00021.parquet (451 min, 0.0s)
2026-10-03 00:27:03,605 INFO [1225/1506] ok SIMULATED_00020.parquet (451 min, 0.0s)
2026-10-03 00:27:03,626 INFO [1226/1506] ok SIMULATED_00022.parquet (451 min, 0.0s)
2026-10-03 00:27:03,630 INFO [1227/1506] ok SIMULATED_00023.parquet (451 min, 0.0s)
2026-10-03 00:27:03,636 INFO [1228/1506] ok SIMULATED_00024.parquet (451 min, 0.0s)
2026-10-03 00:27:03,641 INFO [1229/1506] ok SIMULATED_00025.parquet (451 min, 0.0s)
2026-10-03 00:27:03,663 INFO [1230/1506] ok SIMULATED_00026.parquet (451 min, 0.0s)
2026-10-03 00:27:03,663 INFO [1231/1506] ok SIMULATED_00027.parquet (451 min, 0.0s)
2026-10-03 00:27:03,671 INFO [1232/1506] ok SIMULATED_00028.parquet (451 min, 0.0s)
2026-10-03 00:27:03,676 INFO [1233/1506] ok SIMULATED_00029.parquet (451 min, 0.0s)
2026-10-03 00:27:03,697 INFO [1234/1506] ok SIMULATED_00031.parquet (451 min, 0.0s)
2026-10-03 00:27:03,698 INFO [1235/1506] ok SIMULATED_00030.parquet (451 min, 0.0s)
2026-10-03 00:27:03,706 INFO [1236/1506] ok SIMULATED_00032.parquet (451 min, 0.0s)
2026-10-03 00:27:03,708 INFO [1237/1506] ok SIMULATED_00033.parquet (451 min, 0.0s)
2026-10-03 00:27:03,733 INFO [1238/1506] ok SIMULATED_00034.parquet (451 min, 0.0s)
2026-10-03 00:27:03,733 INFO [1239/1506] ok SIMULATED_00035.parquet (451 min, 0.0s)
2026-10-03 00:27:03,743 INFO [1240/1506] ok SIMULATED_00036.parquet (451 min, 0.0s)
2026-10-03 00:27:03,747 INFO [1241/1506] ok SIMULATED_00037.parquet (451 min, 0.0s)
2026-10-03 00:27:03,768 INFO [1242/1506] ok SIMULATED_00039.parquet (451 min, 0.0s)
2026-10-03 00:27:03,769 INFO [1243/1506] ok SIMULATED_00038.parquet (451 min, 0.0s)
2026-10-03 00:27:03,777 INFO [1244/1506] ok SIMULATED_00040.parquet (451 min, 0.0s)
2026-10-03 00:27:03,782 INFO [1245/1506] ok SIMULATED_00041.parquet (451 min, 0.0s)
2026-10-03 00:27:03,801 INFO [1246/1506] ok SIMULATED_00042.parquet (451 min, 0.0s)
2026-10-03 00:27:03,801 INFO [1247/1506] ok SIMULATED_00043.parquet (451 min, 0.0s)
2026-10-03 00:27:03,811 INFO [1248/1506] ok SIMULATED_00044.parquet (451 min, 0.0s)
2026-10-03 00:27:03,817 INFO [1249/1506] ok SIMULATED_00045.parquet (451 min, 0.0s)
2026-10-03 00:27:03,835 INFO [1250/1506] ok SIMULATED_00046.parquet (451 min, 0.0s)
2026-10-03 00:27:03,835 INFO [1251/1506] ok SIMULATED_00047.parquet (451 min, 0.0s)
2026-10-03 00:27:03,844 INFO [1252/1506] ok SIMULATED_00048.parquet (451 min, 0.0s)
2026-10-03 00:27:03,849 INFO [1253/1506] ok SIMULATED_00049.parquet (451 min, 0.0s)
2026-10-03 00:27:03,869 INFO [1254/1506] ok SIMULATED_00051.parquet (451 min, 0.0s)
2026-10-03 00:27:03,872 INFO [1255/1506] ok SIMULATED_00050.parquet (451 min, 0.0s)
2026-10-03 00:27:03,882 INFO [1256/1506] ok SIMULATED_00052.parquet (451 min, 0.0s)
2026-10-03 00:27:03,882 INFO [1257/1506] ok SIMULATED_00053.parquet (451 min, 0.0s)
2026-10-03 00:27:03,905 INFO [1258/1506] ok SIMULATED_00054.parquet (451 min, 0.0s)
2026-10-03 00:27:03,905 INFO [1259/1506] ok SIMULATED_00055.parquet (451 min, 0.0s)
2026-10-03 00:27:03,918 INFO [1260/1506] ok SIMULATED_00057.parquet (451 min, 0.0s)
2026-10-03 00:27:03,920 INFO [1261/1506] ok SIMULATED_00056.parquet (451 min, 0.0s)
2026-10-03 00:27:03,940 INFO [1262/1506] ok SIMULATED_00059.parquet (451 min, 0.0s)
2026-10-03 00:27:03,941 INFO [1263/1506] ok SIMULATED_00058.parquet (451 min, 0.0s)
2026-10-03 00:27:03,954 INFO [1264/1506] ok SIMULATED_00061.parquet (451 min, 0.0s)
2026-10-03 00:27:03,955 INFO [1265/1506] ok SIMULATED_00060.parquet (451 min, 0.0s)
2026-10-03 00:27:03,979 INFO [1266/1506] ok SIMULATED_00062.parquet (451 min, 0.0s)
2026-10-03 00:27:03,980 INFO [1267/1506] ok SIMULATED_00063.parquet (451 min, 0.0s)
2026-10-03 00:27:03,990 INFO [1268/1506] ok SIMULATED_00064.parquet (451 min, 0.0s)
2026-10-03 00:27:03,990 INFO [1269/1506] ok SIMULATED_00065.parquet (451 min, 0.0s)
2026-10-03 00:27:04,014 INFO [1270/1506] ok SIMULATED_00066.parquet (451 min, 0.0s)
2026-10-03 00:27:04,016 INFO [1271/1506] ok SIMULATED_00067.parquet (451 min, 0.0s)
2026-10-03 00:27:04,025 INFO [1272/1506] ok SIMULATED_00068.parquet (451 min, 0.0s)
2026-10-03 00:27:04,025 INFO [1273/1506] ok SIMULATED_00069.parquet (451 min, 0.0s)
2026-10-03 00:27:04,049 INFO [1274/1506] ok SIMULATED_00070.parquet (451 min, 0.0s)
2026-10-03 00:27:04,053 INFO [1275/1506] ok SIMULATED_00071.parquet (451 min, 0.0s)
2026-10-03 00:27:04,062 INFO [1276/1506] ok SIMULATED_00073.parquet (451 min, 0.0s)
2026-10-03 00:27:04,062 INFO [1277/1506] ok SIMULATED_00072.parquet (451 min, 0.0s)
2026-10-03 00:27:04,086 INFO [1278/1506] ok SIMULATED_00075.parquet (451 min, 0.0s)
2026-10-03 00:27:04,086 INFO [1279/1506] ok SIMULATED_00074.parquet (451 min, 0.0s)
2026-10-03 00:27:04,096 INFO [1280/1506] ok SIMULATED_00076.parquet (451 min, 0.0s)
2026-10-03 00:27:04,096 INFO [1281/1506] ok SIMULATED_00077.parquet (451 min, 0.0s)
2026-10-03 00:27:04,119 INFO [1282/1506] ok SIMULATED_00079.parquet (451 min, 0.0s)
2026-10-03 00:27:04,122 INFO [1283/1506] ok SIMULATED_00078.parquet (451 min, 0.0s)
2026-10-03 00:27:04,134 INFO [1284/1506] ok SIMULATED_00080.parquet (451 min, 0.0s)
2026-10-03 00:27:04,139 INFO [1285/1506] ok SIMULATED_00081.parquet (451 min, 0.0s)
2026-10-03 00:27:04,256 INFO [1286/1506] ok WELL-00019_20150614025713.parquet (2734 min, 0.1s)
2026-10-03 00:27:04,297 INFO [1287/1506] ok WELL-00019_20210617032654.parquet (4188 min, 0.2s)
2026-10-03 00:27:04,311 INFO [1288/1506] ok WELL-00019_20120601165020.parquet (3993 min, 0.2s)
2026-10-03 00:27:04,311 INFO [1289/1506] ok WELL-00019_20141117190526.parquet (5184 min, 0.2s)
2026-10-03 00:27:04,425 INFO [1290/1506] ok WELL-00026_20160601130000.parquet (3061 min, 0.1s)
2026-10-03 00:27:04,605 INFO [1291/1506] ok WELL-00026_20170608230000.parquet (8641 min, 0.3s)
2026-10-03 00:27:04,673 INFO [1292/1506] ok WELL-00026_20170207230000.parquet (9711 min, 0.4s)
2026-10-03 00:27:04,754 INFO [1293/1506] ok WELL-00025_20200629194141.parquet (11978 min, 0.5s)
2026-10-03 00:27:04,765 INFO [1294/1506] ok WELL-00027_20230918170106.parquet (11281 min, 0.3s)
2026-10-03 00:27:04,775 INFO [1295/1506] ok WELL-00028_20210617053128.parquet (5364 min, 0.2s)
2026-10-03 00:27:04,778 INFO [1296/1506] ok WELL-00029_20201020231724.parquet (2395 min, 0.1s)
2026-10-03 00:27:04,817 INFO [1297/1506] ok SIMULATED_00001.parquet (521 min, 0.0s)
2026-10-03 00:27:04,859 INFO [1298/1506] ok SIMULATED_00002.parquet (521 min, 0.0s)
2026-10-03 00:27:04,871 INFO [1299/1506] ok WELL-00030_20141108012623.parquet (2633 min, 0.1s)
2026-10-03 00:27:04,872 INFO [1300/1506] ok WELL-00032_20110830235321.parquet (2178 min, 0.1s)
2026-10-03 00:27:04,899 INFO [1301/1506] ok SIMULATED_00003.parquet (521 min, 0.0s)
2026-10-03 00:27:04,914 INFO [1302/1506] ok SIMULATED_00005.parquet (581 min, 0.0s)
2026-10-03 00:27:04,914 INFO [1303/1506] ok SIMULATED_00004.parquet (521 min, 0.0s)
2026-10-03 00:27:04,937 INFO [1304/1506] ok WELL-00031_20140403170404.parquet (5983 min, 0.2s)
2026-10-03 00:27:04,939 INFO [1305/1506] ok SIMULATED_00006.parquet (581 min, 0.0s)
2026-10-03 00:27:04,957 INFO [1306/1506] ok SIMULATED_00007.parquet (548 min, 0.0s)
2026-10-03 00:27:04,962 INFO [1307/1506] ok SIMULATED_00008.parquet (761 min, 0.0s)
2026-10-03 00:27:04,986 INFO [1308/1506] ok SIMULATED_00009.parquet (761 min, 0.0s)
2026-10-03 00:27:04,990 INFO [1309/1506] ok SIMULATED_00010.parquet (761 min, 0.1s)
2026-10-03 00:27:05,004 INFO [1310/1506] ok SIMULATED_00011.parquet (761 min, 0.0s)
2026-10-03 00:27:05,028 INFO [1311/1506] ok SIMULATED_00012.parquet (1061 min, 0.1s)
2026-10-03 00:27:05,055 INFO [1312/1506] ok SIMULATED_00013.parquet (1061 min, 0.1s)
2026-10-03 00:27:05,057 INFO [1313/1506] ok SIMULATED_00014.parquet (1061 min, 0.1s)
2026-10-03 00:27:05,068 INFO [1314/1506] ok SIMULATED_00015.parquet (1061 min, 0.1s)
2026-10-03 00:27:05,089 INFO [1315/1506] ok SIMULATED_00016.parquet (994 min, 0.1s)
2026-10-03 00:27:05,117 INFO [1316/1506] ok SIMULATED_00017.parquet (1061 min, 0.1s)
2026-10-03 00:27:05,120 INFO [1317/1506] ok SIMULATED_00018.parquet (1061 min, 0.1s)
2026-10-03 00:27:05,131 INFO [1318/1506] ok SIMULATED_00019.parquet (995 min, 0.1s)
2026-10-03 00:27:05,152 INFO [1319/1506] ok SIMULATED_00020.parquet (1061 min, 0.1s)
2026-10-03 00:27:05,154 INFO [1320/1506] ok SIMULATED_00022.parquet (521 min, 0.0s)
2026-10-03 00:27:05,155 INFO [1321/1506] ok SIMULATED_00021.parquet (521 min, 0.0s)
2026-10-03 00:27:05,170 INFO [1322/1506] ok SIMULATED_00023.parquet (521 min, 0.0s)
2026-10-03 00:27:05,190 INFO [1323/1506] ok SIMULATED_00026.parquet (521 min, 0.0s)
2026-10-03 00:27:05,191 INFO [1324/1506] ok SIMULATED_00025.parquet (521 min, 0.0s)
2026-10-03 00:27:05,191 INFO [1325/1506] ok SIMULATED_00024.parquet (521 min, 0.0s)
2026-10-03 00:27:05,210 INFO [1326/1506] ok SIMULATED_00027.parquet (521 min, 0.0s)
2026-10-03 00:27:05,227 INFO [1327/1506] ok SIMULATED_00029.parquet (521 min, 0.0s)
2026-10-03 00:27:05,229 INFO [1328/1506] ok SIMULATED_00030.parquet (521 min, 0.0s)
2026-10-03 00:27:05,231 INFO [1329/1506] ok SIMULATED_00028.parquet (521 min, 0.0s)
2026-10-03 00:27:05,250 INFO [1330/1506] ok SIMULATED_00031.parquet (581 min, 0.0s)
2026-10-03 00:27:05,270 INFO [1331/1506] ok SIMULATED_00032.parquet (581 min, 0.0s)
2026-10-03 00:27:05,270 INFO [1332/1506] ok SIMULATED_00033.parquet (581 min, 0.0s)
2026-10-03 00:27:05,273 INFO [1333/1506] ok SIMULATED_00034.parquet (581 min, 0.0s)
2026-10-03 00:27:05,297 INFO [1334/1506] ok SIMULATED_00035.parquet (581 min, 0.0s)
2026-10-03 00:27:05,313 INFO [1335/1506] ok SIMULATED_00037.parquet (581 min, 0.0s)
2026-10-03 00:27:05,316 INFO [1336/1506] ok SIMULATED_00036.parquet (581 min, 0.0s)
2026-10-03 00:27:05,327 INFO [1337/1506] ok SIMULATED_00038.parquet (761 min, 0.1s)
2026-10-03 00:27:05,346 INFO [1338/1506] ok SIMULATED_00039.parquet (761 min, 0.0s)
2026-10-03 00:27:05,360 INFO [1339/1506] ok SIMULATED_00040.parquet (761 min, 0.0s)
2026-10-03 00:27:05,367 INFO [1340/1506] ok SIMULATED_00041.parquet (761 min, 0.1s)
2026-10-03 00:27:05,377 INFO [1341/1506] ok SIMULATED_00042.parquet (761 min, 0.1s)
2026-10-03 00:27:05,398 INFO [1342/1506] ok SIMULATED_00043.parquet (761 min, 0.1s)
2026-10-03 00:27:05,423 INFO [1343/1506] ok SIMULATED_00044.parquet (1061 min, 0.1s)
2026-10-03 00:27:05,434 INFO [1344/1506] ok SIMULATED_00045.parquet (1061 min, 0.1s)
2026-10-03 00:27:05,440 INFO [1345/1506] ok SIMULATED_00046.parquet (1061 min, 0.1s)
2026-10-03 00:27:05,457 INFO [1346/1506] ok SIMULATED_00047.parquet (1060 min, 0.1s)
2026-10-03 00:27:05,488 INFO [1347/1506] ok SIMULATED_00048.parquet (1061 min, 0.1s)
2026-10-03 00:27:05,492 INFO [1348/1506] ok SIMULATED_00049.parquet (1061 min, 0.1s)
2026-10-03 00:27:05,502 INFO [1349/1506] ok SIMULATED_00050.parquet (1061 min, 0.1s)
2026-10-03 00:27:05,519 INFO [1350/1506] ok SIMULATED_00051.parquet (1061 min, 0.1s)
2026-10-03 00:27:05,537 INFO [1351/1506] ok SIMULATED_00054.parquet (521 min, 0.0s)
2026-10-03 00:27:05,549 INFO [1352/1506] ok SIMULATED_00052.parquet (1061 min, 0.1s)
2026-10-03 00:27:05,549 INFO [1353/1506] ok SIMULATED_00053.parquet (1061 min, 0.1s)
2026-10-03 00:27:05,556 INFO [1354/1506] ok SIMULATED_00055.parquet (521 min, 0.0s)
2026-10-03 00:27:05,578 INFO [1355/1506] ok SIMULATED_00056.parquet (521 min, 0.0s)
2026-10-03 00:27:05,586 INFO [1356/1506] ok SIMULATED_00057.parquet (521 min, 0.0s)
2026-10-03 00:27:05,586 INFO [1357/1506] ok SIMULATED_00058.parquet (521 min, 0.0s)
2026-10-03 00:27:05,598 INFO [1358/1506] ok SIMULATED_00059.parquet (581 min, 0.0s)
2026-10-03 00:27:05,622 INFO [1359/1506] ok SIMULATED_00060.parquet (581 min, 0.0s)
2026-10-03 00:27:05,626 INFO [1360/1506] ok SIMULATED_00062.parquet (581 min, 0.0s)
2026-10-03 00:27:05,628 INFO [1361/1506] ok SIMULATED_00061.parquet (581 min, 0.0s)
2026-10-03 00:27:05,640 INFO [1362/1506] ok SIMULATED_00063.parquet (581 min, 0.0s)
2026-10-03 00:27:05,662 INFO [1363/1506] ok SIMULATED_00064.parquet (581 min, 0.0s)
2026-10-03 00:27:05,673 INFO [1364/1506] ok SIMULATED_00065.parquet (761 min, 0.0s)
2026-10-03 00:27:05,676 INFO [1365/1506] ok SIMULATED_00066.parquet (761 min, 0.0s)
2026-10-03 00:27:05,684 INFO [1366/1506] ok SIMULATED_00067.parquet (761 min, 0.0s)
2026-10-03 00:27:05,709 INFO [1367/1506] ok SIMULATED_00068.parquet (761 min, 0.0s)
2026-10-03 00:27:05,716 INFO [1368/1506] ok SIMULATED_00069.parquet (761 min, 0.0s)
2026-10-03 00:27:05,722 INFO [1369/1506] ok SIMULATED_00070.parquet (761 min, 0.0s)
2026-10-03 00:27:05,730 INFO [1370/1506] ok SIMULATED_00071.parquet (760 min, 0.0s)
2026-10-03 00:27:05,752 INFO [1371/1506] ok SIMULATED_00072.parquet (761 min, 0.0s)
2026-10-03 00:27:05,776 INFO [1372/1506] ok SIMULATED_00073.parquet (1061 min, 0.1s)
2026-10-03 00:27:05,784 INFO [1373/1506] ok SIMULATED_00074.parquet (1061 min, 0.1s)
2026-10-03 00:27:05,793 INFO [1374/1506] ok SIMULATED_00075.parquet (1061 min, 0.1s)
2026-10-03 00:27:05,818 INFO [1375/1506] ok SIMULATED_00076.parquet (1061 min, 0.1s)
2026-10-03 00:27:05,842 INFO [1376/1506] ok SIMULATED_00077.parquet (1061 min, 0.1s)
2026-10-03 00:27:05,845 INFO [1377/1506] ok SIMULATED_00078.parquet (1028 min, 0.1s)
2026-10-03 00:27:05,856 INFO [1378/1506] ok SIMULATED_00079.parquet (1061 min, 0.1s)
2026-10-03 00:27:05,879 INFO [1379/1506] ok SIMULATED_00081.parquet (521 min, 0.0s)
2026-10-03 00:27:05,883 INFO [1380/1506] ok SIMULATED_00080.parquet (1061 min, 0.1s)
2026-10-03 00:27:05,884 INFO [1381/1506] ok SIMULATED_00082.parquet (521 min, 0.0s)
2026-10-03 00:27:05,897 INFO [1382/1506] ok SIMULATED_00083.parquet (521 min, 0.0s)
2026-10-03 00:27:05,918 INFO [1383/1506] ok SIMULATED_00084.parquet (521 min, 0.0s)
2026-10-03 00:27:05,920 INFO [1384/1506] ok SIMULATED_00086.parquet (521 min, 0.0s)
2026-10-03 00:27:05,922 INFO [1385/1506] ok SIMULATED_00085.parquet (521 min, 0.0s)
2026-10-03 00:27:05,934 INFO [1386/1506] ok SIMULATED_00087.parquet (521 min, 0.0s)
2026-10-03 00:27:05,960 INFO [1387/1506] ok SIMULATED_00088.parquet (521 min, 0.0s)
2026-10-03 00:27:05,962 INFO [1388/1506] ok SIMULATED_00089.parquet (521 min, 0.0s)
2026-10-03 00:27:05,962 INFO [1389/1506] ok SIMULATED_00090.parquet (581 min, 0.0s)
2026-10-03 00:27:05,981 INFO [1390/1506] ok SIMULATED_00091.parquet (581 min, 0.0s)
2026-10-03 00:27:05,999 INFO [1391/1506] ok SIMULATED_00092.parquet (581 min, 0.0s)
2026-10-03 00:27:06,002 INFO [1392/1506] ok SIMULATED_00093.parquet (581 min, 0.0s)
2026-10-03 00:27:06,003 INFO [1393/1506] ok SIMULATED_00094.parquet (581 min, 0.0s)
2026-10-03 00:27:06,031 INFO [1394/1506] ok SIMULATED_00095.parquet (761 min, 0.0s)
2026-10-03 00:27:06,044 INFO [1395/1506] ok SIMULATED_00096.parquet (761 min, 0.0s)
2026-10-03 00:27:06,047 INFO [1396/1506] ok SIMULATED_00098.parquet (761 min, 0.0s)
2026-10-03 00:27:06,051 INFO [1397/1506] ok SIMULATED_00097.parquet (761 min, 0.0s)
2026-10-03 00:27:06,079 INFO [1398/1506] ok SIMULATED_00099.parquet (761 min, 0.0s)
2026-10-03 00:27:06,089 INFO [1399/1506] ok SIMULATED_00100.parquet (761 min, 0.0s)
2026-10-03 00:27:06,094 INFO [1400/1506] ok SIMULATED_00101.parquet (761 min, 0.0s)
2026-10-03 00:27:06,096 INFO [1401/1506] ok SIMULATED_00102.parquet (761 min, 0.0s)
2026-10-03 00:27:06,123 INFO [1402/1506] ok SIMULATED_00103.parquet (761 min, 0.0s)
2026-10-03 00:27:06,150 INFO [1403/1506] ok SIMULATED_00104.parquet (1061 min, 0.1s)
2026-10-03 00:27:06,156 INFO [1404/1506] ok SIMULATED_00105.parquet (1061 min, 0.1s)
2026-10-03 00:27:06,159 INFO [1405/1506] ok SIMULATED_00106.parquet (1061 min, 0.1s)
2026-10-03 00:27:06,183 INFO [1406/1506] ok SIMULATED_00107.parquet (1060 min, 0.1s)
2026-10-03 00:27:06,214 INFO [1407/1506] ok SIMULATED_00108.parquet (1061 min, 0.1s)
2026-10-03 00:27:06,217 INFO [1408/1506] ok SIMULATED_00109.parquet (1060 min, 0.1s)
2026-10-03 00:27:06,217 INFO [1409/1506] ok SIMULATED_00110.parquet (1061 min, 0.1s)
2026-10-03 00:27:06,249 INFO [1410/1506] ok SIMULATED_00111.parquet (1061 min, 0.1s)
2026-10-03 00:27:06,280 INFO [1411/1506] ok SIMULATED_00113.parquet (1061 min, 0.1s)
2026-10-03 00:27:06,280 INFO [1412/1506] ok SIMULATED_00112.parquet (1061 min, 0.1s)
2026-10-03 00:27:06,283 INFO [1413/1506] ok SIMULATED_00114.parquet (1061 min, 0.1s)
2026-10-03 00:27:06,293 INFO [1414/1506] ok SIMULATED_00115.parquet (520 min, 0.0s)
2026-10-03 00:27:06,319 INFO [1415/1506] ok SIMULATED_00116.parquet (521 min, 0.0s)
2026-10-03 00:27:06,320 INFO [1416/1506] ok SIMULATED_00117.parquet (521 min, 0.0s)
2026-10-03 00:27:06,321 INFO [1417/1506] ok SIMULATED_00118.parquet (520 min, 0.0s)
2026-10-03 00:27:06,330 INFO [1418/1506] ok SIMULATED_00119.parquet (521 min, 0.0s)
2026-10-03 00:27:06,355 INFO [1419/1506] ok SIMULATED_00120.parquet (521 min, 0.0s)
2026-10-03 00:27:06,357 INFO [1420/1506] ok SIMULATED_00122.parquet (521 min, 0.0s)
2026-10-03 00:27:06,358 INFO [1421/1506] ok SIMULATED_00121.parquet (521 min, 0.0s)
2026-10-03 00:27:06,373 INFO [1422/1506] ok SIMULATED_00123.parquet (521 min, 0.0s)
2026-10-03 00:27:06,393 INFO [1423/1506] ok SIMULATED_00124.parquet (581 min, 0.0s)
2026-10-03 00:27:06,397 INFO [1424/1506] ok SIMULATED_00126.parquet (581 min, 0.0s)
2026-10-03 00:27:06,402 INFO [1425/1506] ok SIMULATED_00125.parquet (581 min, 0.0s)
2026-10-03 00:27:06,417 INFO [1426/1506] ok SIMULATED_00127.parquet (581 min, 0.0s)
2026-10-03 00:27:06,435 INFO [1427/1506] ok SIMULATED_00128.parquet (581 min, 0.0s)
2026-10-03 00:27:06,443 INFO [1428/1506] ok SIMULATED_00130.parquet (581 min, 0.0s)
2026-10-03 00:27:06,443 INFO [1429/1506] ok SIMULATED_00129.parquet (581 min, 0.0s)
2026-10-03 00:27:06,462 INFO [1430/1506] ok SIMULATED_00131.parquet (581 min, 0.0s)
2026-10-03 00:27:06,483 INFO [1431/1506] ok SIMULATED_00132.parquet (761 min, 0.0s)
2026-10-03 00:27:06,489 INFO [1432/1506] ok SIMULATED_00133.parquet (761 min, 0.0s)
2026-10-03 00:27:06,491 INFO [1433/1506] ok SIMULATED_00134.parquet (761 min, 0.0s)
2026-10-03 00:27:06,511 INFO [1434/1506] ok SIMULATED_00135.parquet (761 min, 0.0s)
2026-10-03 00:27:06,529 INFO [1435/1506] ok SIMULATED_00136.parquet (761 min, 0.0s)
2026-10-03 00:27:06,535 INFO [1436/1506] ok SIMULATED_00138.parquet (761 min, 0.0s)
2026-10-03 00:27:06,537 INFO [1437/1506] ok SIMULATED_00137.parquet (761 min, 0.0s)
2026-10-03 00:27:06,563 INFO [1438/1506] ok SIMULATED_00139.parquet (761 min, 0.1s)
2026-10-03 00:27:06,576 INFO [1439/1506] ok SIMULATED_00140.parquet (761 min, 0.0s)
2026-10-03 00:27:06,597 INFO [1440/1506] ok SIMULATED_00142.parquet (1061 min, 0.1s)
2026-10-03 00:27:06,602 INFO [1441/1506] ok SIMULATED_00141.parquet (1061 min, 0.1s)
2026-10-03 00:27:06,629 INFO [1442/1506] ok SIMULATED_00143.parquet (1061 min, 0.1s)
2026-10-03 00:27:06,638 INFO [1443/1506] ok SIMULATED_00144.parquet (1061 min, 0.1s)
2026-10-03 00:27:06,660 INFO [1444/1506] ok SIMULATED_00145.parquet (1061 min, 0.1s)
2026-10-03 00:27:06,668 INFO [1445/1506] ok SIMULATED_00146.parquet (1061 min, 0.1s)
2026-10-03 00:27:06,689 INFO [1446/1506] ok SIMULATED_00147.parquet (1061 min, 0.1s)
2026-10-03 00:27:06,699 INFO [1447/1506] ok SIMULATED_00148.parquet (1061 min, 0.1s)
2026-10-03 00:27:06,724 INFO [1448/1506] ok SIMULATED_00149.parquet (1061 min, 0.1s)
2026-10-03 00:27:06,724 INFO [1449/1506] ok WELL-00010_20180715083053.parquet (270 min, 0.0s)
2026-10-03 00:27:06,729 INFO [1450/1506] ok SIMULATED_00150.parquet (1061 min, 0.1s)
2026-10-03 00:27:06,738 INFO [1451/1506] ok WELL-00010_20180517000402.parquet (1219 min, 0.0s)
2026-10-03 00:27:06,752 INFO [1452/1506] ok WELL-00010_20180717234051.parquet (258 min, 0.0s)
2026-10-03 00:27:06,753 INFO [1453/1506] ok WELL-00010_20180720234103.parquet (318 min, 0.0s)
2026-10-03 00:27:06,778 INFO [1454/1506] ok WELL-00010_20180723134436.parquet (1392 min, 0.0s)
2026-10-03 00:27:06,784 INFO [1455/1506] ok WELL-00014_20170214190000.parquet (301 min, 0.0s)
2026-10-03 00:27:06,793 INFO [1456/1506] ok WELL-00014_20160306070000.parquet (563 min, 0.0s)
2026-10-03 00:27:06,800 INFO [1457/1506] ok WELL-00014_20160304155906.parquet (1123 min, 0.1s)
2026-10-03 00:27:06,807 INFO [1458/1506] ok WELL-00015_20190922060029.parquet (150 min, 0.0s)
2026-10-03 00:27:06,812 INFO [1459/1506] ok WELL-00016_20150418132043.parquet (149 min, 0.0s)
2026-10-03 00:27:06,830 INFO [1460/1506] ok WELL-00020_20131004225400.parquet (64 min, 0.0s)
2026-10-03 00:27:06,834 INFO [1461/1506] ok WELL-00016_20190925110952.parquet (226 min, 0.0s)
2026-10-03 00:27:06,837 INFO [1462/1506] ok WELL-00016_20190924191606.parquet (698 min, 0.0s)
2026-10-03 00:27:06,851 INFO [1463/1506] ok WELL-00033_20190925190420.parquet (653 min, 0.0s)
2026-10-03 00:27:06,861 INFO [1464/1506] ok WELL-00033_20190926065206.parquet (291 min, 0.0s)
2026-10-03 00:27:06,864 INFO [1465/1506] ok WELL-00033_20190928030111.parquet (358 min, 0.0s)
2026-10-03 00:27:06,874 INFO [1466/1506] ok WELL-00033_20190928210207.parquet (537 min, 0.0s)
2026-10-03 00:27:06,887 INFO [1467/1506] ok WELL-00033_20191004020000.parquet (148 min, 0.0s)
2026-10-03 00:27:06,888 INFO [1468/1506] ok WELL-00033_20190930190000.parquet (476 min, 0.0s)
2026-10-03 00:27:06,896 INFO [1469/1506] ok WELL-00034_20190825004401.parquet (256 min, 0.0s)
2026-10-03 00:27:06,906 INFO [1470/1506] ok WELL-00034_20190825150318.parquet (236 min, 0.0s)
2026-10-03 00:27:06,923 INFO [1471/1506] ok WELL-00034_20190831210153.parquet (478 min, 0.0s)
2026-10-03 00:27:06,923 INFO [1472/1506] ok WELL-00034_20190826050146.parquet (538 min, 0.0s)
2026-10-03 00:27:06,936 INFO [1473/1506] ok WELL-00034_20191003180056.parquet (240 min, 0.0s)
2026-10-03 00:27:06,956 INFO [1474/1506] ok WELL-00034_20190901060904.parquet (1365 min, 0.1s)
2026-10-03 00:27:06,958 INFO [1475/1506] ok WELL-00035_20190823193122.parquet (418 min, 0.0s)
2026-10-03 00:27:06,966 INFO [1476/1506] ok WELL-00035_20190824140503.parquet (174 min, 0.0s)
2026-10-03 00:27:06,968 INFO [1477/1506] ok WELL-00035_20190819093245.parquet (836 min, 0.0s)
2026-10-03 00:27:06,988 INFO [1478/1506] ok WELL-00035_20190923023106.parquet (120 min, 0.0s)
2026-10-03 00:27:06,999 INFO [1479/1506] ok WELL-00036_20190925100042.parquet (120 min, 0.0s)
2026-10-03 00:27:07,002 INFO [1480/1506] ok WELL-00035_20190827090706.parquet (891 min, 0.0s)
2026-10-03 00:27:07,018 INFO [1481/1506] ok WELL-00036_20190930013035.parquet (60 min, 0.0s)
2026-10-03 00:27:07,026 INFO [1482/1506] ok WELL-00036_20190930083101.parquet (118 min, 0.0s)
2026-10-03 00:27:07,037 INFO [1483/1506] ok WELL-00035_20190925061122.parquet (1903 min, 0.1s)
2026-10-03 00:27:07,042 INFO [1484/1506] ok WELL-00037_20181011071238.parquet (469 min, 0.0s)
2026-10-03 00:27:07,051 INFO [1485/1506] ok WELL-00037_20181013022427.parquet (305 min, 0.0s)
2026-10-03 00:27:07,054 INFO [1486/1506] ok WELL-00037_20190924193953.parquet (112 min, 0.0s)
2026-10-03 00:27:07,076 INFO [1487/1506] ok WELL-00037_20190924213000.parquet (459 min, 0.0s)
2026-10-03 00:27:07,079 INFO [1488/1506] ok WELL-00038_20190924212924.parquet (509 min, 0.0s)
2026-10-03 00:27:07,088 INFO [1489/1506] ok WELL-00039_20190918150111.parquet (358 min, 0.0s)
2026-10-03 00:27:07,116 INFO [1490/1506] ok WELL-00040_20181013160242.parquet (515 min, 0.0s)
2026-10-03 00:27:07,121 INFO [1491/1506] ok WELL-00039_20190924200204.parquet (626 min, 0.0s)
2026-10-03 00:27:07,124 INFO [1492/1506] ok WELL-00038_20190925093222.parquet (1501 min, 0.1s)
2026-10-03 00:27:07,129 INFO [1493/1506] ok WELL-00041_20181013160201.parquet (495 min, 0.0s)
2026-10-03 00:27:07,203 INFO [1494/1506] ok WELL-00041_20190822143519.parquet (1610 min, 0.1s)
2026-10-03 00:27:07,204 INFO [1495/1506] ok WELL-00041_20190814154301.parquet (1632 min, 0.1s)
2026-10-03 00:27:07,229 INFO [1496/1506] ok WELL-00041_20190819163753.parquet (2364 min, 0.1s)
2026-10-03 00:27:07,242 INFO [1497/1506] ok WELL-00041_20190817173916.parquet (2799 min, 0.1s)
2026-10-03 00:27:07,272 INFO [1498/1506] ok WELL-00041_20190924202109.parquet (640 min, 0.0s)
2026-10-03 00:27:07,288 INFO [1499/1506] ok WELL-00041_20190925111412.parquet (614 min, 0.0s)
2026-10-03 00:27:07,314 INFO [1500/1506] ok WELL-00042_20141217142745.parquet (567 min, 0.0s)
2026-10-03 00:27:07,316 INFO [1501/1506] ok WELL-00042_20141218004109.parquet (132 min, 0.0s)
2026-10-03 00:27:07,325 INFO [1502/1506] ok WELL-00041_20190906051807.parquet (3022 min, 0.1s)
2026-10-03 00:27:07,334 INFO [1503/1506] ok WELL-00041_20190917161232.parquet (3151 min, 0.1s)
2026-10-03 00:27:07,354 INFO [1504/1506] ok WELL-00042_20141221190219.parquet (456 min, 0.0s)
2026-10-03 00:27:07,358 INFO [1505/1506] ok WELL-00042_20141222024535.parquet (385 min, 0.0s)
2026-10-03 00:27:07,371 INFO [1506/1506] ok WELL-00042_20141218051903.parquet (885 min, 0.1s)
2026-10-03 00:27:07,451 INFO Done: 1506 ok/skipped, 0 errors in 15s
